sub_category,average_rating,discount_pct,selling_price
"Kurtas, Ethnic Sets and Bottoms",0.0,57.0,850.0
"Kurtas, Ethnic Sets and Bottoms",3.0,64.0,566.0
"Kurtas, Ethnic Sets and Bottoms",5.0,55.0,719.0
"Kurtas, Ethnic Sets and Bottoms",0.0,58.0,629.0
"Kurtas, Ethnic Sets and Bottoms",0.0,42.0,922.0
"Kurtas, Ethnic Sets and Bottoms",3.0,64.0,566.0
"Kurtas, Ethnic Sets and Bottoms",0.0,58.0,836.0
"Kurtas, Ethnic Sets and Bottoms",3.0,64.0,566.0
"Kurtas, Ethnic Sets and Bottoms",3.0,35.0,1035.0
"Kurtas, Ethnic Sets and Bottoms",3.0,64.0,566.0
"Kurtas, Ethnic Sets and Bottoms",0.0,41.0,1179.0
"Kurtas, Ethnic Sets and Bottoms",0.0,29.0,1408.0
"Kurtas, Ethnic Sets and Bottoms",0.0,58.0,629.0
"Kurtas, Ethnic Sets and Bottoms",3.0,64.0,566.0
"Kurtas, Ethnic Sets and Bottoms",0.0,58.0,629.0
"Kurtas, Ethnic Sets and Bottoms",4.0,46.0,863.0
"Kurtas, Ethnic Sets and Bottoms",5.0,55.0,719.0
"Kurtas, Ethnic Sets and Bottoms",3.0,35.0,1035.0
"Kurtas, Ethnic Sets and Bottoms",3.0,35.0,1035.0
"Kurtas, Ethnic Sets and Bottoms",0.0,41.0,1179.0
"Kurtas, Ethnic Sets and Bottoms",4.0,46.0,863.0
"Kurtas, Ethnic Sets and Bottoms",0.0,46.0,859.0
"Kurtas, Ethnic Sets and Bottoms",0.0,49.0,751.0
"Kurtas, Ethnic Sets and Bottoms",0.0,55.0,895.0
"Kurtas, Ethnic Sets and Bottoms",0.0,40.0,958.0
"Kurtas, Ethnic Sets and Bottoms",0.0,28.0,1079.0
"Kurtas, Ethnic Sets and Bottoms",0.0,46.0,859.0
"Kurtas, Ethnic Sets and Bottoms",0.0,51.0,724.0
"Kurtas, Ethnic Sets and Bottoms",0.0,55.0,895.0
"Kurtas, Ethnic Sets and Bottoms",0.0,55.0,895.0
"Kurtas, Ethnic Sets and Bottoms",0.0,55.0,895.0
"Kurtas, Ethnic Sets and Bottoms",0.0,55.0,895.0
"Kurtas, Ethnic Sets and Bottoms",0.0,55.0,895.0
"Kurtas, Ethnic Sets and Bottoms",0.0,55.0,895.0
"Kurtas, Ethnic Sets and Bottoms",0.0,55.0,895.0
"Kurtas, Ethnic Sets and Bottoms",0.0,55.0,895.0
"Kurtas, Ethnic Sets and Bottoms",0.0,41.0,999.0
"Kurtas, Ethnic Sets and Bottoms",0.0,41.0,999.0
"Kurtas, Ethnic Sets and Bottoms",0.0,41.0,999.0
"Kurtas, Ethnic Sets and Bottoms",0.0,57.0,850.0
"Kurtas, Ethnic Sets and Bottoms",0.0,59.0,724.0
"Kurtas, Ethnic Sets and Bottoms",0.0,41.0,1102.0
"Kurtas, Ethnic Sets and Bottoms",4.0,46.0,863.0
"Kurtas, Ethnic Sets and Bottoms",4.0,46.0,863.0
"Kurtas, Ethnic Sets and Bottoms",3.0,35.0,1035.0
"Kurtas, Ethnic Sets and Bottoms",0.0,29.0,1408.0
"Kurtas, Ethnic Sets and Bottoms",0.0,42.0,859.0
"Kurtas, Ethnic Sets and Bottoms",0.0,51.0,971.0
"Kurtas, Ethnic Sets and Bottoms",0.0,42.0,859.0
"Kurtas, Ethnic Sets and Bottoms",0.0,42.0,859.0
"Kurtas, Ethnic Sets and Bottoms",0.0,40.0,958.0
"Kurtas, Ethnic Sets and Bottoms",4.0,46.0,863.0
"Kurtas, Ethnic Sets and Bottoms",0.0,40.0,886.0
"Kurtas, Ethnic Sets and Bottoms",0.0,34.0,1435.0
"Kurtas, Ethnic Sets and Bottoms",0.0,34.0,1435.0
"Kurtas, Ethnic Sets and Bottoms",0.0,41.0,999.0
"Kurtas, Ethnic Sets and Bottoms",0.0,41.0,1169.0
"Kurtas, Ethnic Sets and Bottoms",0.0,34.0,1435.0
"Kurtas, Ethnic Sets and Bottoms",0.0,59.0,724.0
"Kurtas, Ethnic Sets and Bottoms",0.0,43.0,899.0
"Kurtas, Ethnic Sets and Bottoms",0.0,55.0,899.0
"Kurtas, Ethnic Sets and Bottoms",0.0,40.0,958.0
"Kurtas, Ethnic Sets and Bottoms",0.0,55.0,899.0
"Kurtas, Ethnic Sets and Bottoms",0.0,52.0,899.0
"Kurtas, Ethnic Sets and Bottoms",0.0,38.0,1053.0
"Kurtas, Ethnic Sets and Bottoms",0.0,51.0,724.0
"Kurtas, Ethnic Sets and Bottoms",0.0,51.0,724.0
"Kurtas, Ethnic Sets and Bottoms",0.0,38.0,1053.0
"Kurtas, Ethnic Sets and Bottoms",0.0,52.0,899.0
"Kurtas, Ethnic Sets and Bottoms",0.0,52.0,899.0
"Kurtas, Ethnic Sets and Bottoms",0.0,44.0,1053.0
"Kurtas, Ethnic Sets and Bottoms",0.0,51.0,724.0
"Kurtas, Ethnic Sets and Bottoms",0.0,51.0,971.0
"Kurtas, Ethnic Sets and Bottoms",0.0,55.0,899.0
"Kurtas, Ethnic Sets and Bottoms",0.0,38.0,1053.0
"Kurtas, Ethnic Sets and Bottoms",0.0,33.0,1061.0
"Kurtas, Ethnic Sets and Bottoms",0.0,52.0,802.0
"Kurtas, Ethnic Sets and Bottoms",0.0,47.0,899.0
"Kurtas, Ethnic Sets and Bottoms",0.0,47.0,899.0
"Kurtas, Ethnic Sets and Bottoms",0.0,45.0,985.0
"Kurtas, Ethnic Sets and Bottoms",0.0,55.0,899.0
"Kurtas, Ethnic Sets and Bottoms",0.0,38.0,1053.0
"Kurtas, Ethnic Sets and Bottoms",0.0,33.0,1061.0
"Kurtas, Ethnic Sets and Bottoms",0.0,57.0,850.0
"Kurtas, Ethnic Sets and Bottoms",0.0,52.0,802.0
"Kurtas, Ethnic Sets and Bottoms",0.0,47.0,899.0
"Kurtas, Ethnic Sets and Bottoms",0.0,47.0,899.0
"Kurtas, Ethnic Sets and Bottoms",0.0,45.0,985.0
"Kurtas, Ethnic Sets and Bottoms",0.0,47.0,899.0
"Kurtas, Ethnic Sets and Bottoms",3.0,64.0,566.0
"Kurtas, Ethnic Sets and Bottoms",0.0,47.0,899.0
"Kurtas, Ethnic Sets and Bottoms",0.0,35.0,1035.0
"Kurtas, Ethnic Sets and Bottoms",0.0,46.0,859.0
"Kurtas, Ethnic Sets and Bottoms",3.0,64.0,566.0
"Kurtas, Ethnic Sets and Bottoms",0.0,35.0,1035.0
"Kurtas, Ethnic Sets and Bottoms",0.0,49.0,750.0
"Kurtas, Ethnic Sets and Bottoms",0.0,47.0,899.0
"Kurtas, Ethnic Sets and Bottoms",0.0,55.0,899.0
"Kurtas, Ethnic Sets and Bottoms",0.0,45.0,985.0
"Kurtas, Ethnic Sets and Bottoms",3.0,64.0,566.0
"Kurtas, Ethnic Sets and Bottoms",0.0,49.0,750.0
"Kurtas, Ethnic Sets and Bottoms",0.0,39.0,967.0
"Kurtas, Ethnic Sets and Bottoms",0.0,49.0,750.0
"Kurtas, Ethnic Sets and Bottoms",0.0,41.0,1179.0
"Kurtas, Ethnic Sets and Bottoms",0.0,51.0,971.0
"Kurtas, Ethnic Sets and Bottoms",0.0,39.0,967.0
"Kurtas, Ethnic Sets and Bottoms",0.0,57.0,850.0
"Kurtas, Ethnic Sets and Bottoms",0.0,43.0,899.0
"Kurtas, Ethnic Sets and Bottoms",0.0,49.0,750.0
"Kurtas, Ethnic Sets and Bottoms",0.0,55.0,895.0
"Kurtas, Ethnic Sets and Bottoms",0.0,47.0,899.0
"Kurtas, Ethnic Sets and Bottoms",0.0,49.0,750.0
"Kurtas, Ethnic Sets and Bottoms",0.0,47.0,899.0
"Kurtas, Ethnic Sets and Bottoms",0.0,58.0,629.0
"Kurtas, Ethnic Sets and Bottoms",3.0,35.0,1035.0
"Kurtas, Ethnic Sets and Bottoms",0.0,35.0,1035.0
"Kurtas, Ethnic Sets and Bottoms",0.0,29.0,1408.0
"Kurtas, Ethnic Sets and Bottoms",0.0,45.0,985.0
"Kurtas, Ethnic Sets and Bottoms",0.0,55.0,899.0
"Kurtas, Ethnic Sets and Bottoms",0.0,58.0,629.0
"Kurtas, Ethnic Sets and Bottoms",0.0,52.0,954.0
"Kurtas, Ethnic Sets and Bottoms",0.0,59.0,724.0
"Kurtas, Ethnic Sets and Bottoms",0.0,57.0,850.0
"Kurtas, Ethnic Sets and Bottoms",3.0,64.0,566.0
"Kurtas, Ethnic Sets and Bottoms",0.0,43.0,899.0
"Kurtas, Ethnic Sets and Bottoms",0.0,57.0,850.0
"Kurtas, Ethnic Sets and Bottoms",0.0,42.0,922.0
"Kurtas, Ethnic Sets and Bottoms",0.0,59.0,724.0
"Kurtas, Ethnic Sets and Bottoms",0.0,39.0,967.0
"Kurtas, Ethnic Sets and Bottoms",3.0,64.0,566.0
"Kurtas, Ethnic Sets and Bottoms",0.0,57.0,850.0
"Kurtas, Ethnic Sets and Bottoms",0.0,55.0,899.0
"Kurtas, Ethnic Sets and Bottoms",0.0,57.0,850.0
"Kurtas, Ethnic Sets and Bottoms",3.0,64.0,566.0
"Kurtas, Ethnic Sets and Bottoms",0.0,57.0,850.0
"Kurtas, Ethnic Sets and Bottoms",0.0,57.0,850.0
"Kurtas, Ethnic Sets and Bottoms",3.0,35.0,1035.0
"Kurtas, Ethnic Sets and Bottoms",0.0,46.0,859.0
"Kurtas, Ethnic Sets and Bottoms",0.0,33.0,1057.0
"Kurtas, Ethnic Sets and Bottoms",0.0,41.0,1179.0
"Kurtas, Ethnic Sets and Bottoms",0.0,33.0,1057.0
"Kurtas, Ethnic Sets and Bottoms",0.0,33.0,1057.0
"Kurtas, Ethnic Sets and Bottoms",0.0,33.0,1057.0
"Kurtas, Ethnic Sets and Bottoms",0.0,55.0,895.0
"Kurtas, Ethnic Sets and Bottoms",0.0,33.0,1057.0
"Kurtas, Ethnic Sets and Bottoms",0.0,57.0,850.0
"Kurtas, Ethnic Sets and Bottoms",0.0,57.0,850.0
"Kurtas, Ethnic Sets and Bottoms",0.0,57.0,850.0
"Kurtas, Ethnic Sets and Bottoms",0.0,57.0,850.0
"Kurtas, Ethnic Sets and Bottoms",0.0,57.0,850.0
"Kurtas, Ethnic Sets and Bottoms",0.0,57.0,850.0
"Kurtas, Ethnic Sets and Bottoms",0.0,57.0,850.0
"Kurtas, Ethnic Sets and Bottoms",0.0,57.0,850.0
"Kurtas, Ethnic Sets and Bottoms",0.0,57.0,850.0
"Kurtas, Ethnic Sets and Bottoms",0.0,57.0,850.0
"Kurtas, Ethnic Sets and Bottoms",0.0,57.0,850.0
"Kurtas, Ethnic Sets and Bottoms",0.0,57.0,850.0
"Kurtas, Ethnic Sets and Bottoms",3.7,68.0,474.0
"Kurtas, Ethnic Sets and Bottoms",3.8,68.0,474.0
"Kurtas, Ethnic Sets and Bottoms",4.3,72.0,699.0
"Kurtas, Ethnic Sets and Bottoms",4.4,55.0,575.0
"Kurtas, Ethnic Sets and Bottoms",4.4,57.0,552.0
"Kurtas, Ethnic Sets and Bottoms",4.4,57.0,552.0
"Kurtas, Ethnic Sets and Bottoms",4.4,57.0,552.0
"Kurtas, Ethnic Sets and Bottoms",4.4,57.0,552.0
"Kurtas, Ethnic Sets and Bottoms",4.4,57.0,552.0
"Kurtas, Ethnic Sets and Bottoms",4.4,57.0,552.0
"Kurtas, Ethnic Sets and Bottoms",4.4,57.0,552.0
"Kurtas, Ethnic Sets and Bottoms",4.4,55.0,575.0
"Kurtas, Ethnic Sets and Bottoms",4.4,57.0,552.0
"Kurtas, Ethnic Sets and Bottoms",4.4,57.0,552.0
"Kurtas, Ethnic Sets and Bottoms",4.4,57.0,552.0
"Kurtas, Ethnic Sets and Bottoms",4.4,57.0,552.0
"Kurtas, Ethnic Sets and Bottoms",4.4,55.0,575.0
"Kurtas, Ethnic Sets and Bottoms",4.4,55.0,575.0
"Kurtas, Ethnic Sets and Bottoms",3.9,33.0,499.0
"Kurtas, Ethnic Sets and Bottoms",3.0,21.0,549.0
"Kurtas, Ethnic Sets and Bottoms",3.0,28.0,499.0
"Kurtas, Ethnic Sets and Bottoms",3.0,28.0,499.0
"Kurtas, Ethnic Sets and Bottoms",3.0,21.0,549.0
"Kurtas, Ethnic Sets and Bottoms",3.0,23.0,534.0
"Kurtas, Ethnic Sets and Bottoms",3.0,21.0,549.0
"Kurtas, Ethnic Sets and Bottoms",3.6,66.0,399.0
"Kurtas, Ethnic Sets and Bottoms",4.6,62.0,629.0
"Kurtas, Ethnic Sets and Bottoms",3.4,59.0,809.0
"Kurtas, Ethnic Sets and Bottoms",3.9,62.0,629.0
"Kurtas, Ethnic Sets and Bottoms",4.6,62.0,629.0
"Kurtas, Ethnic Sets and Bottoms",3.9,62.0,629.0
"Kurtas, Ethnic Sets and Bottoms",4.6,62.0,629.0
"Kurtas, Ethnic Sets and Bottoms",3.9,62.0,629.0
"Kurtas, Ethnic Sets and Bottoms",3.9,62.0,629.0
"Kurtas, Ethnic Sets and Bottoms",4.6,62.0,629.0
"Kurtas, Ethnic Sets and Bottoms",3.4,59.0,809.0
"Kurtas, Ethnic Sets and Bottoms",4.6,62.0,629.0
"Kurtas, Ethnic Sets and Bottoms",3.9,62.0,629.0
"Kurtas, Ethnic Sets and Bottoms",4.6,62.0,629.0
"Kurtas, Ethnic Sets and Bottoms",3.4,59.0,809.0
"Kurtas, Ethnic Sets and Bottoms",3.4,59.0,809.0
"Kurtas, Ethnic Sets and Bottoms",3.9,62.0,629.0
"Kurtas, Ethnic Sets and Bottoms",0.0,59.0,809.0
"Kurtas, Ethnic Sets and Bottoms",3.4,59.0,809.0
"Kurtas, Ethnic Sets and Bottoms",3.3,59.0,809.0
"Kurtas, Ethnic Sets and Bottoms",3.9,62.0,629.0
"Kurtas, Ethnic Sets and Bottoms",3.9,62.0,629.0
"Kurtas, Ethnic Sets and Bottoms",3.3,59.0,809.0
"Kurtas, Ethnic Sets and Bottoms",3.3,59.0,809.0
"Kurtas, Ethnic Sets and Bottoms",3.9,62.0,629.0
"Kurtas, Ethnic Sets and Bottoms",3.9,62.0,629.0
"Kurtas, Ethnic Sets and Bottoms",0.0,50.0,799.0
"Kurtas, Ethnic Sets and Bottoms",3.8,72.0,699.0
"Kurtas, Ethnic Sets and Bottoms",4.1,35.0,449.0
"Kurtas, Ethnic Sets and Bottoms",4.0,75.0,499.0
"Kurtas, Ethnic Sets and Bottoms",4.0,70.0,599.0
"Kurtas, Ethnic Sets and Bottoms",3.6,40.0,449.0
"Kurtas, Ethnic Sets and Bottoms",4.0,62.0,749.0
"Kurtas, Ethnic Sets and Bottoms",2.2,50.0,599.0
"Kurtas, Ethnic Sets and Bottoms",3.5,76.0,599.0
"Kurtas, Ethnic Sets and Bottoms",3.9,73.0,699.0
"Kurtas, Ethnic Sets and Bottoms",3.7,72.0,1099.0
"Kurtas, Ethnic Sets and Bottoms",3.9,73.0,699.0
"Kurtas, Ethnic Sets and Bottoms",3.5,76.0,599.0
"Kurtas, Ethnic Sets and Bottoms",3.5,76.0,599.0
"Kurtas, Ethnic Sets and Bottoms",3.5,76.0,599.0
"Kurtas, Ethnic Sets and Bottoms",3.5,76.0,599.0
"Kurtas, Ethnic Sets and Bottoms",3.5,76.0,599.0
"Kurtas, Ethnic Sets and Bottoms",3.5,76.0,599.0
"Kurtas, Ethnic Sets and Bottoms",3.5,76.0,599.0
"Kurtas, Ethnic Sets and Bottoms",3.5,76.0,599.0
"Kurtas, Ethnic Sets and Bottoms",3.5,76.0,599.0
"Kurtas, Ethnic Sets and Bottoms",4.0,75.0,499.0
"Kurtas, Ethnic Sets and Bottoms",4.0,75.0,499.0
"Kurtas, Ethnic Sets and Bottoms",4.0,75.0,499.0
"Kurtas, Ethnic Sets and Bottoms",3.5,76.0,599.0
"Kurtas, Ethnic Sets and Bottoms",3.5,76.0,599.0
"Kurtas, Ethnic Sets and Bottoms",3.5,76.0,599.0
"Kurtas, Ethnic Sets and Bottoms",3.7,50.0,599.0
"Kurtas, Ethnic Sets and Bottoms",4.0,70.0,599.0
"Kurtas, Ethnic Sets and Bottoms",3.7,50.0,599.0
"Kurtas, Ethnic Sets and Bottoms",3.7,50.0,599.0
"Kurtas, Ethnic Sets and Bottoms",3.7,50.0,599.0
"Kurtas, Ethnic Sets and Bottoms",3.7,50.0,599.0
"Kurtas, Ethnic Sets and Bottoms",2.8,50.0,599.0
"Kurtas, Ethnic Sets and Bottoms",4.1,35.0,449.0
"Kurtas, Ethnic Sets and Bottoms",3.5,76.0,599.0
"Kurtas, Ethnic Sets and Bottoms",3.7,72.0,1099.0
"Kurtas, Ethnic Sets and Bottoms",3.5,76.0,599.0
"Kurtas, Ethnic Sets and Bottoms",3.7,72.0,1099.0
"Kurtas, Ethnic Sets and Bottoms",3.7,72.0,1099.0
"Kurtas, Ethnic Sets and Bottoms",3.7,76.0,599.0
"Kurtas, Ethnic Sets and Bottoms",4.0,75.0,499.0
"Kurtas, Ethnic Sets and Bottoms",3.7,76.0,599.0
"Kurtas, Ethnic Sets and Bottoms",3.7,76.0,599.0
"Kurtas, Ethnic Sets and Bottoms",4.0,75.0,499.0
"Kurtas, Ethnic Sets and Bottoms",4.0,75.0,499.0
"Kurtas, Ethnic Sets and Bottoms",3.7,50.0,599.0
"Kurtas, Ethnic Sets and Bottoms",3.7,72.0,1099.0
"Kurtas, Ethnic Sets and Bottoms",3.7,50.0,599.0
"Kurtas, Ethnic Sets and Bottoms",4.1,33.0,599.0
"Kurtas, Ethnic Sets and Bottoms",3.7,72.0,1099.0
"Kurtas, Ethnic Sets and Bottoms",3.7,72.0,1099.0
"Kurtas, Ethnic Sets and Bottoms",3.7,72.0,1099.0
"Kurtas, Ethnic Sets and Bottoms",4.5,72.0,1099.0
"Kurtas, Ethnic Sets and Bottoms",4.5,72.0,1099.0
"Kurtas, Ethnic Sets and Bottoms",3.7,72.0,1099.0
"Kurtas, Ethnic Sets and Bottoms",3.7,72.0,1099.0
"Kurtas, Ethnic Sets and Bottoms",3.7,72.0,1099.0
"Kurtas, Ethnic Sets and Bottoms",4.5,72.0,1099.0
"Kurtas, Ethnic Sets and Bottoms",3.7,72.0,1099.0
"Kurtas, Ethnic Sets and Bottoms",3.7,72.0,1099.0
"Kurtas, Ethnic Sets and Bottoms",4.5,77.0,899.0
"Kurtas, Ethnic Sets and Bottoms",3.7,72.0,1099.0
"Kurtas, Ethnic Sets and Bottoms",4.1,35.0,449.0
"Kurtas, Ethnic Sets and Bottoms",4.0,70.0,599.0
"Kurtas, Ethnic Sets and Bottoms",4.1,72.0,1399.0
"Kurtas, Ethnic Sets and Bottoms",3.7,72.0,1099.0
"Kurtas, Ethnic Sets and Bottoms",4.0,70.0,599.0
"Kurtas, Ethnic Sets and Bottoms",4.0,70.0,599.0
"Kurtas, Ethnic Sets and Bottoms",3.4,57.0,1699.0
"Kurtas, Ethnic Sets and Bottoms",3.7,72.0,1099.0
"Kurtas, Ethnic Sets and Bottoms",3.9,73.0,699.0
"Kurtas, Ethnic Sets and Bottoms",3.4,57.0,1699.0
"Kurtas, Ethnic Sets and Bottoms",3.4,57.0,1699.0
"Kurtas, Ethnic Sets and Bottoms",4.0,75.0,499.0
"Kurtas, Ethnic Sets and Bottoms",3.9,73.0,699.0
"Kurtas, Ethnic Sets and Bottoms",3.7,50.0,599.0
"Kurtas, Ethnic Sets and Bottoms",4.0,62.0,749.0
"Kurtas, Ethnic Sets and Bottoms",3.0,39.0,540.0
"Kurtas, Ethnic Sets and Bottoms",4.0,62.0,749.0
"Kurtas, Ethnic Sets and Bottoms",3.9,35.0,449.0
"Kurtas, Ethnic Sets and Bottoms",4.0,75.0,499.0
"Kurtas, Ethnic Sets and Bottoms",3.9,73.0,699.0
"Kurtas, Ethnic Sets and Bottoms",2.8,50.0,599.0
"Kurtas, Ethnic Sets and Bottoms",3.4,30.0,699.0
"Kurtas, Ethnic Sets and Bottoms",3.0,77.0,441.0
"Kurtas, Ethnic Sets and Bottoms",3.7,26.0,738.0
"Kurtas, Ethnic Sets and Bottoms",3.4,45.0,549.0
"Kurtas, Ethnic Sets and Bottoms",4.0,62.0,749.0
"Kurtas, Ethnic Sets and Bottoms",4.0,75.0,499.0
"Kurtas, Ethnic Sets and Bottoms",4.0,75.0,499.0
"Kurtas, Ethnic Sets and Bottoms",3.7,25.0,749.0
"Kurtas, Ethnic Sets and Bottoms",4.1,72.0,1399.0
"Kurtas, Ethnic Sets and Bottoms",3.7,30.0,698.0
"Kurtas, Ethnic Sets and Bottoms",3.4,57.0,1699.0
"Kurtas, Ethnic Sets and Bottoms",3.5,38.0,549.0
"Kurtas, Ethnic Sets and Bottoms",4.0,15.0,848.0
"Kurtas, Ethnic Sets and Bottoms",4.0,34.0,848.0
"Kurtas, Ethnic Sets and Bottoms",4.8,36.0,823.0
"Kurtas, Ethnic Sets and Bottoms",3.5,38.0,549.0
"Kurtas, Ethnic Sets and Bottoms",4.1,72.0,1399.0
"Kurtas, Ethnic Sets and Bottoms",3.7,50.0,1498.0
"Kurtas, Ethnic Sets and Bottoms",3.7,50.0,1498.0
"Kurtas, Ethnic Sets and Bottoms",3.5,40.0,599.0
"Kurtas, Ethnic Sets and Bottoms",4.1,76.0,1199.0
"Kurtas, Ethnic Sets and Bottoms",3.7,50.0,1498.0
"Kurtas, Ethnic Sets and Bottoms",3.5,40.0,599.0
"Kurtas, Ethnic Sets and Bottoms",2.2,50.0,599.0
"Kurtas, Ethnic Sets and Bottoms",2.8,50.0,599.0
"Kurtas, Ethnic Sets and Bottoms",3.7,50.0,599.0
"Kurtas, Ethnic Sets and Bottoms",2.8,50.0,599.0
"Kurtas, Ethnic Sets and Bottoms",3.4,40.0,599.0
"Kurtas, Ethnic Sets and Bottoms",3.7,50.0,599.0
"Kurtas, Ethnic Sets and Bottoms",3.7,50.0,599.0
"Kurtas, Ethnic Sets and Bottoms",3.7,50.0,599.0
"Kurtas, Ethnic Sets and Bottoms",2.2,50.0,599.0
"Kurtas, Ethnic Sets and Bottoms",1.0,34.0,848.0
"Kurtas, Ethnic Sets and Bottoms",3.7,50.0,599.0
"Kurtas, Ethnic Sets and Bottoms",3.7,25.0,748.0
"Kurtas, Ethnic Sets and Bottoms",2.2,50.0,599.0
"Kurtas, Ethnic Sets and Bottoms",3.7,26.0,738.0
"Kurtas, Ethnic Sets and Bottoms",4.0,15.0,848.0
"Kurtas, Ethnic Sets and Bottoms",4.8,34.0,848.0
"Kurtas, Ethnic Sets and Bottoms",2.2,50.0,599.0
"Kurtas, Ethnic Sets and Bottoms",3.7,16.0,1498.0
"Kurtas, Ethnic Sets and Bottoms",3.7,16.0,1498.0
"Kurtas, Ethnic Sets and Bottoms",3.7,16.0,1498.0
"Kurtas, Ethnic Sets and Bottoms",3.7,25.0,1348.0
"Kurtas, Ethnic Sets and Bottoms",3.7,16.0,1498.0
"Kurtas, Ethnic Sets and Bottoms",3.7,16.0,1498.0
"Kurtas, Ethnic Sets and Bottoms",3.7,16.0,1498.0
"Kurtas, Ethnic Sets and Bottoms",3.7,50.0,1498.0
"Kurtas, Ethnic Sets and Bottoms",4.0,15.0,848.0
"Kurtas, Ethnic Sets and Bottoms",4.8,34.0,848.0
"Kurtas, Ethnic Sets and Bottoms",3.4,75.0,499.0
"Kurtas, Ethnic Sets and Bottoms",3.7,50.0,599.0
"Kurtas, Ethnic Sets and Bottoms",2.2,50.0,599.0
"Kurtas, Ethnic Sets and Bottoms",3.7,72.0,1099.0
"Kurtas, Ethnic Sets and Bottoms",2.2,50.0,599.0
"Kurtas, Ethnic Sets and Bottoms",2.2,50.0,599.0
"Kurtas, Ethnic Sets and Bottoms",3.7,50.0,599.0
"Kurtas, Ethnic Sets and Bottoms",2.2,50.0,599.0
"Kurtas, Ethnic Sets and Bottoms",2.2,50.0,599.0
"Kurtas, Ethnic Sets and Bottoms",2.2,50.0,599.0
"Kurtas, Ethnic Sets and Bottoms",2.2,50.0,599.0
"Kurtas, Ethnic Sets and Bottoms",2.2,50.0,599.0
"Kurtas, Ethnic Sets and Bottoms",4.0,75.0,499.0
"Kurtas, Ethnic Sets and Bottoms",2.2,50.0,599.0
"Kurtas, Ethnic Sets and Bottoms",3.7,72.0,1099.0
"Kurtas, Ethnic Sets and Bottoms",3.7,50.0,599.0
"Kurtas, Ethnic Sets and Bottoms",0.0,58.0,1234.0
"Kurtas, Ethnic Sets and Bottoms",0.0,57.0,895.0
"Kurtas, Ethnic Sets and Bottoms",0.0,60.0,475.0
"Kurtas, Ethnic Sets and Bottoms",0.0,57.0,895.0
"Kurtas, Ethnic Sets and Bottoms",0.0,60.0,475.0
"Kurtas, Ethnic Sets and Bottoms",0.0,57.0,895.0
"Kurtas, Ethnic Sets and Bottoms",0.0,57.0,895.0
"Kurtas, Ethnic Sets and Bottoms",0.0,58.0,1234.0
"Kurtas, Ethnic Sets and Bottoms",0.0,57.0,894.0
"Kurtas, Ethnic Sets and Bottoms",0.0,57.0,895.0
"Kurtas, Ethnic Sets and Bottoms",0.0,57.0,895.0
"Kurtas, Ethnic Sets and Bottoms",0.0,58.0,1234.0
"Kurtas, Ethnic Sets and Bottoms",0.0,58.0,1234.0
"Kurtas, Ethnic Sets and Bottoms",0.0,57.0,895.0
"Kurtas, Ethnic Sets and Bottoms",0.0,58.0,1234.0
"Kurtas, Ethnic Sets and Bottoms",0.0,57.0,895.0
"Kurtas, Ethnic Sets and Bottoms",0.0,58.0,1234.0
"Kurtas, Ethnic Sets and Bottoms",0.0,58.0,1234.0
"Kurtas, Ethnic Sets and Bottoms",0.0,58.0,1234.0
"Kurtas, Ethnic Sets and Bottoms",0.0,57.0,895.0
"Kurtas, Ethnic Sets and Bottoms",0.0,57.0,895.0
"Kurtas, Ethnic Sets and Bottoms",0.0,57.0,895.0
"Kurtas, Ethnic Sets and Bottoms",0.0,57.0,895.0
"Kurtas, Ethnic Sets and Bottoms",0.0,57.0,895.0
"Kurtas, Ethnic Sets and Bottoms",0.0,58.0,1234.0
"Kurtas, Ethnic Sets and Bottoms",0.0,58.0,1234.0
"Kurtas, Ethnic Sets and Bottoms",0.0,58.0,1234.0
"Kurtas, Ethnic Sets and Bottoms",0.0,58.0,1234.0
"Kurtas, Ethnic Sets and Bottoms",0.0,58.0,1234.0
"Kurtas, Ethnic Sets and Bottoms",0.0,58.0,1234.0
"Kurtas, Ethnic Sets and Bottoms",0.0,57.0,894.0
"Kurtas, Ethnic Sets and Bottoms",0.0,57.0,895.0
"Kurtas, Ethnic Sets and Bottoms",0.0,57.0,895.0
"Kurtas, Ethnic Sets and Bottoms",0.0,58.0,1234.0
"Kurtas, Ethnic Sets and Bottoms",0.0,58.0,1234.0
"Kurtas, Ethnic Sets and Bottoms",0.0,57.0,895.0
"Kurtas, Ethnic Sets and Bottoms",0.0,58.0,1234.0
"Kurtas, Ethnic Sets and Bottoms",0.0,58.0,1234.0
"Kurtas, Ethnic Sets and Bottoms",0.0,58.0,1234.0
"Kurtas, Ethnic Sets and Bottoms",0.0,57.0,895.0
"Kurtas, Ethnic Sets and Bottoms",0.0,57.0,895.0
"Kurtas, Ethnic Sets and Bottoms",0.0,58.0,1234.0
"Kurtas, Ethnic Sets and Bottoms",0.0,58.0,1234.0
"Kurtas, Ethnic Sets and Bottoms",0.0,58.0,1234.0
"Kurtas, Ethnic Sets and Bottoms",0.0,58.0,1234.0
"Kurtas, Ethnic Sets and Bottoms",0.0,58.0,1234.0
"Kurtas, Ethnic Sets and Bottoms",0.0,56.0,1734.0
"Kurtas, Ethnic Sets and Bottoms",0.0,57.0,895.0
"Kurtas, Ethnic Sets and Bottoms",0.0,58.0,1234.0
"Kurtas, Ethnic Sets and Bottoms",0.0,57.0,895.0
"Kurtas, Ethnic Sets and Bottoms",0.0,58.0,1234.0
"Kurtas, Ethnic Sets and Bottoms",0.0,58.0,1234.0
"Kurtas, Ethnic Sets and Bottoms",0.0,57.0,895.0
"Kurtas, Ethnic Sets and Bottoms",0.0,56.0,1734.0
"Kurtas, Ethnic Sets and Bottoms",0.0,58.0,1234.0
"Kurtas, Ethnic Sets and Bottoms",0.0,57.0,895.0
"Kurtas, Ethnic Sets and Bottoms",0.0,57.0,895.0
"Kurtas, Ethnic Sets and Bottoms",0.0,56.0,1734.0
"Kurtas, Ethnic Sets and Bottoms",4.1,10.0,899.0
"Kurtas, Ethnic Sets and Bottoms",3.8,30.0,699.0
"Kurtas, Ethnic Sets and Bottoms",4.1,10.0,899.0
"Kurtas, Ethnic Sets and Bottoms",3.6,44.0,555.0
"Kurtas, Ethnic Sets and Bottoms",4.4,40.0,599.0
"Kurtas, Ethnic Sets and Bottoms",4.1,10.0,899.0
"Kurtas, Ethnic Sets and Bottoms",4.1,10.0,899.0
"Kurtas, Ethnic Sets and Bottoms",4.1,10.0,899.0
"Kurtas, Ethnic Sets and Bottoms",3.8,30.0,699.0
"Kurtas, Ethnic Sets and Bottoms",3.8,30.0,699.0
"Kurtas, Ethnic Sets and Bottoms",3.0,53.0,599.0
"Kurtas, Ethnic Sets and Bottoms",3.6,13.0,1299.0
"Kurtas, Ethnic Sets and Bottoms",3.6,13.0,1299.0
"Kurtas, Ethnic Sets and Bottoms",3.6,13.0,1299.0
"Kurtas, Ethnic Sets and Bottoms",3.8,30.0,699.0
"Kurtas, Ethnic Sets and Bottoms",3.8,30.0,699.0
"Kurtas, Ethnic Sets and Bottoms",3.8,30.0,699.0
"Kurtas, Ethnic Sets and Bottoms",3.6,13.0,1299.0
"Kurtas, Ethnic Sets and Bottoms",3.8,30.0,699.0
"Kurtas, Ethnic Sets and Bottoms",3.6,13.0,1299.0
"Kurtas, Ethnic Sets and Bottoms",3.6,13.0,1299.0
"Kurtas, Ethnic Sets and Bottoms",3.8,30.0,699.0
"Kurtas, Ethnic Sets and Bottoms",3.6,40.0,599.0
"Kurtas, Ethnic Sets and Bottoms",3.6,40.0,599.0
"Kurtas, Ethnic Sets and Bottoms",4.1,10.0,899.0
"Kurtas, Ethnic Sets and Bottoms",3.6,40.0,599.0
"Kurtas, Ethnic Sets and Bottoms",3.6,40.0,599.0
"Kurtas, Ethnic Sets and Bottoms",3.6,40.0,599.0
"Kurtas, Ethnic Sets and Bottoms",3.6,40.0,599.0
"Kurtas, Ethnic Sets and Bottoms",3.6,40.0,599.0
"Kurtas, Ethnic Sets and Bottoms",3.6,40.0,599.0
"Kurtas, Ethnic Sets and Bottoms",3.6,40.0,599.0
"Kurtas, Ethnic Sets and Bottoms",4.4,40.0,599.0
"Kurtas, Ethnic Sets and Bottoms",3.6,40.0,599.0
"Kurtas, Ethnic Sets and Bottoms",4.4,40.0,599.0
"Kurtas, Ethnic Sets and Bottoms",4.4,40.0,599.0
"Kurtas, Ethnic Sets and Bottoms",3.6,30.0,699.0
"Kurtas, Ethnic Sets and Bottoms",4.4,40.0,599.0
"Kurtas, Ethnic Sets and Bottoms",4.4,40.0,599.0
"Kurtas, Ethnic Sets and Bottoms",3.6,45.0,544.0
"Kurtas, Ethnic Sets and Bottoms",4.4,40.0,599.0
"Kurtas, Ethnic Sets and Bottoms",4.4,40.0,599.0
"Kurtas, Ethnic Sets and Bottoms",4.4,40.0,599.0
"Kurtas, Ethnic Sets and Bottoms",4.4,40.0,599.0
"Kurtas, Ethnic Sets and Bottoms",4.4,49.0,502.0
"Kurtas, Ethnic Sets and Bottoms",3.6,30.0,699.0
"Kurtas, Ethnic Sets and Bottoms",4.4,40.0,599.0
"Kurtas, Ethnic Sets and Bottoms",3.6,30.0,699.0
"Kurtas, Ethnic Sets and Bottoms",3.6,30.0,699.0
"Kurtas, Ethnic Sets and Bottoms",3.6,30.0,699.0
"Kurtas, Ethnic Sets and Bottoms",3.6,30.0,699.0
"Kurtas, Ethnic Sets and Bottoms",3.6,30.0,699.0
"Kurtas, Ethnic Sets and Bottoms",3.6,30.0,699.0
"Kurtas, Ethnic Sets and Bottoms",3.6,30.0,699.0
"Kurtas, Ethnic Sets and Bottoms",3.6,30.0,699.0
"Kurtas, Ethnic Sets and Bottoms",3.6,30.0,699.0
"Kurtas, Ethnic Sets and Bottoms",3.6,30.0,699.0
"Kurtas, Ethnic Sets and Bottoms",3.6,30.0,699.0
"Kurtas, Ethnic Sets and Bottoms",4.4,40.0,599.0
"Kurtas, Ethnic Sets and Bottoms",3.6,30.0,699.0
"Kurtas, Ethnic Sets and Bottoms",3.6,30.0,699.0
"Kurtas, Ethnic Sets and Bottoms",3.6,30.0,699.0
"Kurtas, Ethnic Sets and Bottoms",3.6,30.0,699.0
"Kurtas, Ethnic Sets and Bottoms",3.6,30.0,699.0
"Kurtas, Ethnic Sets and Bottoms",3.6,30.0,699.0
"Kurtas, Ethnic Sets and Bottoms",3.6,30.0,699.0
"Kurtas, Ethnic Sets and Bottoms",3.6,30.0,699.0
"Kurtas, Ethnic Sets and Bottoms",3.6,30.0,699.0
"Kurtas, Ethnic Sets and Bottoms",3.6,30.0,699.0
"Kurtas, Ethnic Sets and Bottoms",3.6,30.0,699.0
"Kurtas, Ethnic Sets and Bottoms",3.6,30.0,699.0
"Kurtas, Ethnic Sets and Bottoms",3.6,30.0,699.0
"Kurtas, Ethnic Sets and Bottoms",3.6,30.0,699.0
"Kurtas, Ethnic Sets and Bottoms",3.6,30.0,699.0
"Kurtas, Ethnic Sets and Bottoms",3.6,30.0,699.0
"Kurtas, Ethnic Sets and Bottoms",3.6,30.0,699.0
"Kurtas, Ethnic Sets and Bottoms",3.6,30.0,699.0
"Kurtas, Ethnic Sets and Bottoms",3.6,30.0,699.0
"Kurtas, Ethnic Sets and Bottoms",3.6,30.0,699.0
"Kurtas, Ethnic Sets and Bottoms",3.6,30.0,699.0
"Kurtas, Ethnic Sets and Bottoms",3.6,30.0,699.0
"Kurtas, Ethnic Sets and Bottoms",3.6,30.0,699.0
"Kurtas, Ethnic Sets and Bottoms",3.6,30.0,699.0
"Kurtas, Ethnic Sets and Bottoms",3.6,30.0,699.0
"Kurtas, Ethnic Sets and Bottoms",3.6,30.0,699.0
"Kurtas, Ethnic Sets and Bottoms",4.4,40.0,599.0
"Kurtas, Ethnic Sets and Bottoms",3.6,30.0,699.0
"Kurtas, Ethnic Sets and Bottoms",3.6,30.0,699.0
"Kurtas, Ethnic Sets and Bottoms",3.6,30.0,699.0
"Kurtas, Ethnic Sets and Bottoms",3.6,30.0,699.0
"Kurtas, Ethnic Sets and Bottoms",3.6,30.0,699.0
"Kurtas, Ethnic Sets and Bottoms",3.6,30.0,699.0
"Kurtas, Ethnic Sets and Bottoms",3.6,30.0,699.0
"Kurtas, Ethnic Sets and Bottoms",3.6,30.0,699.0
"Kurtas, Ethnic Sets and Bottoms",3.6,30.0,699.0
"Kurtas, Ethnic Sets and Bottoms",3.6,30.0,699.0
"Kurtas, Ethnic Sets and Bottoms",3.6,30.0,699.0
"Kurtas, Ethnic Sets and Bottoms",3.6,30.0,699.0
"Kurtas, Ethnic Sets and Bottoms",3.6,30.0,699.0
"Kurtas, Ethnic Sets and Bottoms",3.6,30.0,699.0
"Kurtas, Ethnic Sets and Bottoms",4.4,40.0,599.0
"Kurtas, Ethnic Sets and Bottoms",4.4,40.0,599.0
"Kurtas, Ethnic Sets and Bottoms",4.4,40.0,599.0
"Kurtas, Ethnic Sets and Bottoms",4.4,50.0,499.0
"Kurtas, Ethnic Sets and Bottoms",4.4,40.0,599.0
"Kurtas, Ethnic Sets and Bottoms",3.0,23.0,999.0
"Kurtas, Ethnic Sets and Bottoms",3.0,53.0,599.0
"Kurtas, Ethnic Sets and Bottoms",3.0,23.0,999.0
"Kurtas, Ethnic Sets and Bottoms",4.4,45.0,542.0
"Kurtas, Ethnic Sets and Bottoms",3.0,53.0,599.0
"Kurtas, Ethnic Sets and Bottoms",4.4,40.0,599.0
"Kurtas, Ethnic Sets and Bottoms",4.4,40.0,599.0
"Kurtas, Ethnic Sets and Bottoms",3.6,40.0,599.0
"Kurtas, Ethnic Sets and Bottoms",4.4,40.0,599.0
"Kurtas, Ethnic Sets and Bottoms",4.4,40.0,599.0
"Kurtas, Ethnic Sets and Bottoms",3.0,53.0,599.0
"Kurtas, Ethnic Sets and Bottoms",4.4,40.0,599.0
"Kurtas, Ethnic Sets and Bottoms",3.0,53.0,599.0
"Kurtas, Ethnic Sets and Bottoms",3.6,40.0,599.0
"Kurtas, Ethnic Sets and Bottoms",4.4,40.0,599.0
"Kurtas, Ethnic Sets and Bottoms",3.0,53.0,599.0
"Kurtas, Ethnic Sets and Bottoms",3.6,40.0,599.0
"Kurtas, Ethnic Sets and Bottoms",3.0,23.0,999.0
"Kurtas, Ethnic Sets and Bottoms",4.4,40.0,599.0
"Kurtas, Ethnic Sets and Bottoms",3.6,30.0,699.0
"Kurtas, Ethnic Sets and Bottoms",3.6,40.0,599.0
"Kurtas, Ethnic Sets and Bottoms",3.6,40.0,599.0
"Kurtas, Ethnic Sets and Bottoms",3.6,40.0,599.0
"Kurtas, Ethnic Sets and Bottoms",3.6,30.0,699.0
"Kurtas, Ethnic Sets and Bottoms",4.4,40.0,599.0
"Kurtas, Ethnic Sets and Bottoms",4.4,40.0,599.0
"Kurtas, Ethnic Sets and Bottoms",3.6,40.0,599.0
"Kurtas, Ethnic Sets and Bottoms",3.6,40.0,599.0
"Kurtas, Ethnic Sets and Bottoms",4.4,40.0,599.0
"Kurtas, Ethnic Sets and Bottoms",4.4,45.0,544.0
"Kurtas, Ethnic Sets and Bottoms",3.6,40.0,599.0
"Kurtas, Ethnic Sets and Bottoms",3.6,40.0,599.0
"Kurtas, Ethnic Sets and Bottoms",3.6,40.0,599.0
"Kurtas, Ethnic Sets and Bottoms",3.6,40.0,599.0
"Kurtas, Ethnic Sets and Bottoms",3.6,40.0,599.0
"Kurtas, Ethnic Sets and Bottoms",3.0,53.0,599.0
"Kurtas, Ethnic Sets and Bottoms",3.6,40.0,599.0
"Kurtas, Ethnic Sets and Bottoms",4.3,60.0,399.0
"Kurtas, Ethnic Sets and Bottoms",3.9,43.0,899.0
"Kurtas, Ethnic Sets and Bottoms",3.9,43.0,899.0
"Kurtas, Ethnic Sets and Bottoms",3.9,43.0,899.0
"Kurtas, Ethnic Sets and Bottoms",3.9,43.0,899.0
"Kurtas, Ethnic Sets and Bottoms",3.9,43.0,899.0
"Kurtas, Ethnic Sets and Bottoms",3.0,23.0,999.0
"Kurtas, Ethnic Sets and Bottoms",3.9,43.0,899.0
"Kurtas, Ethnic Sets and Bottoms",3.9,43.0,899.0
"Kurtas, Ethnic Sets and Bottoms",3.9,43.0,899.0
"Kurtas, Ethnic Sets and Bottoms",3.9,43.0,899.0
"Kurtas, Ethnic Sets and Bottoms",3.9,43.0,899.0
"Kurtas, Ethnic Sets and Bottoms",3.9,43.0,899.0
"Kurtas, Ethnic Sets and Bottoms",3.9,43.0,899.0
"Kurtas, Ethnic Sets and Bottoms",3.9,43.0,899.0
"Kurtas, Ethnic Sets and Bottoms",3.9,43.0,899.0
"Kurtas, Ethnic Sets and Bottoms",3.9,43.0,899.0
"Kurtas, Ethnic Sets and Bottoms",3.9,43.0,899.0
"Kurtas, Ethnic Sets and Bottoms",3.9,43.0,899.0
"Kurtas, Ethnic Sets and Bottoms",3.9,43.0,899.0
"Kurtas, Ethnic Sets and Bottoms",3.9,43.0,899.0
"Kurtas, Ethnic Sets and Bottoms",3.9,43.0,899.0
"Kurtas, Ethnic Sets and Bottoms",3.9,43.0,899.0
"Kurtas, Ethnic Sets and Bottoms",3.9,43.0,899.0
"Kurtas, Ethnic Sets and Bottoms",3.9,43.0,899.0
"Kurtas, Ethnic Sets and Bottoms",3.9,43.0,899.0
"Kurtas, Ethnic Sets and Bottoms",3.9,43.0,899.0
"Kurtas, Ethnic Sets and Bottoms",3.9,43.0,899.0
"Kurtas, Ethnic Sets and Bottoms",3.9,43.0,899.0
"Kurtas, Ethnic Sets and Bottoms",3.9,43.0,899.0
"Kurtas, Ethnic Sets and Bottoms",3.9,43.0,899.0
"Kurtas, Ethnic Sets and Bottoms",3.9,43.0,899.0
"Kurtas, Ethnic Sets and Bottoms",3.9,43.0,899.0
"Kurtas, Ethnic Sets and Bottoms",3.9,43.0,899.0
"Kurtas, Ethnic Sets and Bottoms",3.9,43.0,899.0
"Kurtas, Ethnic Sets and Bottoms",3.9,43.0,899.0
"Kurtas, Ethnic Sets and Bottoms",3.9,43.0,899.0
"Kurtas, Ethnic Sets and Bottoms",3.9,43.0,899.0
"Kurtas, Ethnic Sets and Bottoms",3.9,43.0,899.0
"Kurtas, Ethnic Sets and Bottoms",3.9,43.0,899.0
"Kurtas, Ethnic Sets and Bottoms",3.9,43.0,899.0
"Kurtas, Ethnic Sets and Bottoms",3.9,43.0,899.0
"Kurtas, Ethnic Sets and Bottoms",3.9,43.0,899.0
"Kurtas, Ethnic Sets and Bottoms",3.9,43.0,899.0
"Kurtas, Ethnic Sets and Bottoms",3.9,43.0,899.0
"Kurtas, Ethnic Sets and Bottoms",3.9,43.0,899.0
"Kurtas, Ethnic Sets and Bottoms",3.9,43.0,899.0
"Kurtas, Ethnic Sets and Bottoms",3.9,43.0,899.0
"Kurtas, Ethnic Sets and Bottoms",3.9,43.0,899.0
"Kurtas, Ethnic Sets and Bottoms",3.9,43.0,899.0
"Kurtas, Ethnic Sets and Bottoms",3.9,43.0,899.0
"Kurtas, Ethnic Sets and Bottoms",3.6,45.0,544.0
"Kurtas, Ethnic Sets and Bottoms",3.9,43.0,899.0
"Kurtas, Ethnic Sets and Bottoms",3.9,43.0,899.0
"Kurtas, Ethnic Sets and Bottoms",3.6,49.0,502.0
"Kurtas, Ethnic Sets and Bottoms",3.9,43.0,899.0
"Kurtas, Ethnic Sets and Bottoms",3.9,43.0,899.0
"Kurtas, Ethnic Sets and Bottoms",3.9,43.0,899.0
"Kurtas, Ethnic Sets and Bottoms",2.9,38.0,799.0
"Kurtas, Ethnic Sets and Bottoms",2.9,38.0,799.0
"Kurtas, Ethnic Sets and Bottoms",2.9,37.0,999.0
"Kurtas, Ethnic Sets and Bottoms",2.9,37.0,999.0
"Kurtas, Ethnic Sets and Bottoms",2.9,37.0,999.0
"Kurtas, Ethnic Sets and Bottoms",2.9,38.0,799.0
"Kurtas, Ethnic Sets and Bottoms",2.9,38.0,799.0
"Kurtas, Ethnic Sets and Bottoms",2.9,38.0,799.0
"Kurtas, Ethnic Sets and Bottoms",2.9,38.0,799.0
"Kurtas, Ethnic Sets and Bottoms",2.9,37.0,999.0
"Kurtas, Ethnic Sets and Bottoms",2.9,20.0,5200.0
Fabrics,3.3,68.0,379.0
Fabrics,3.3,68.0,379.0
Fabrics,3.3,68.0,379.0
Fabrics,3.3,68.0,379.0
Fabrics,3.3,68.0,379.0
Fabrics,3.3,68.0,379.0
Fabrics,3.3,68.0,379.0
Fabrics,3.3,68.0,379.0
Fabrics,3.3,68.0,379.0
Fabrics,3.3,68.0,379.0
Fabrics,3.3,68.0,379.0
Fabrics,3.3,68.0,379.0
Fabrics,3.3,68.0,379.0
Fabrics,3.3,68.0,379.0
Fabrics,3.3,68.0,379.0
Fabrics,3.3,68.0,379.0
Fabrics,3.3,68.0,379.0
Fabrics,3.3,69.0,759.0
Fabrics,3.3,68.0,379.0
Fabrics,3.3,68.0,379.0
"Kurtas, Ethnic Sets and Bottoms",4.1,66.0,798.0
"Kurtas, Ethnic Sets and Bottoms",4.0,66.0,399.0
"Kurtas, Ethnic Sets and Bottoms",4.1,42.0,402.0
"Kurtas, Ethnic Sets and Bottoms",4.2,42.0,574.0
"Kurtas, Ethnic Sets and Bottoms",3.6,34.0,384.0
"Kurtas, Ethnic Sets and Bottoms",3.7,63.0,361.0
"Kurtas, Ethnic Sets and Bottoms",4.1,42.0,402.0
"Kurtas, Ethnic Sets and Bottoms",4.2,35.0,584.0
"Kurtas, Ethnic Sets and Bottoms",4.1,49.0,402.0
"Kurtas, Ethnic Sets and Bottoms",4.2,25.0,570.0
"Kurtas, Ethnic Sets and Bottoms",4.2,25.0,570.0
"Kurtas, Ethnic Sets and Bottoms",4.8,30.0,753.0
"Kurtas, Ethnic Sets and Bottoms",4.2,25.0,570.0
"Kurtas, Ethnic Sets and Bottoms",4.2,39.0,854.0
"Kurtas, Ethnic Sets and Bottoms",4.2,35.0,979.0
"Kurtas, Ethnic Sets and Bottoms",4.2,36.0,846.0
"Kurtas, Ethnic Sets and Bottoms",4.2,33.0,909.0
"Kurtas, Ethnic Sets and Bottoms",4.2,42.0,608.0
"Kurtas, Ethnic Sets and Bottoms",4.2,42.0,608.0
"Kurtas, Ethnic Sets and Bottoms",4.2,42.0,557.0
"Kurtas, Ethnic Sets and Bottoms",4.2,42.0,557.0
"Kurtas, Ethnic Sets and Bottoms",4.2,42.0,556.0
"Kurtas, Ethnic Sets and Bottoms",4.2,42.0,556.0
"Kurtas, Ethnic Sets and Bottoms",4.2,42.0,608.0
"Kurtas, Ethnic Sets and Bottoms",4.2,42.0,556.0
"Kurtas, Ethnic Sets and Bottoms",4.2,42.0,557.0
"Kurtas, Ethnic Sets and Bottoms",4.2,42.0,557.0
"Kurtas, Ethnic Sets and Bottoms",4.2,42.0,557.0
"Kurtas, Ethnic Sets and Bottoms",4.2,42.0,556.0
"Kurtas, Ethnic Sets and Bottoms",4.2,42.0,556.0
"Kurtas, Ethnic Sets and Bottoms",4.2,37.0,570.0
"Kurtas, Ethnic Sets and Bottoms",4.2,42.0,533.0
"Kurtas, Ethnic Sets and Bottoms",4.2,41.0,462.0
"Kurtas, Ethnic Sets and Bottoms",4.2,37.0,1082.0
"Kurtas, Ethnic Sets and Bottoms",4.2,35.0,640.0
"Kurtas, Ethnic Sets and Bottoms",4.2,36.0,451.0
"Kurtas, Ethnic Sets and Bottoms",4.2,37.0,832.0
"Kurtas, Ethnic Sets and Bottoms",4.2,42.0,608.0
"Kurtas, Ethnic Sets and Bottoms",4.2,35.0,544.0
"Kurtas, Ethnic Sets and Bottoms",4.2,8.0,570.0
"Kurtas, Ethnic Sets and Bottoms",4.2,16.0,606.0
"Kurtas, Ethnic Sets and Bottoms",4.2,30.0,753.0
"Kurtas, Ethnic Sets and Bottoms",4.2,35.0,584.0
"Kurtas, Ethnic Sets and Bottoms",4.2,25.0,609.0
"Kurtas, Ethnic Sets and Bottoms",3.7,47.0,361.0
"Kurtas, Ethnic Sets and Bottoms",3.7,48.0,361.0
"Kurtas, Ethnic Sets and Bottoms",3.7,48.0,361.0
"Kurtas, Ethnic Sets and Bottoms",3.7,48.0,361.0
"Kurtas, Ethnic Sets and Bottoms",4.8,30.0,753.0
"Kurtas, Ethnic Sets and Bottoms",4.2,37.0,1435.0
"Kurtas, Ethnic Sets and Bottoms",4.2,44.0,703.0
"Kurtas, Ethnic Sets and Bottoms",4.2,32.0,2102.0
"Kurtas, Ethnic Sets and Bottoms",4.2,40.0,1966.0
"Kurtas, Ethnic Sets and Bottoms",4.2,37.0,623.0
"Kurtas, Ethnic Sets and Bottoms",4.2,45.0,1123.0
"Kurtas, Ethnic Sets and Bottoms",4.2,40.0,3292.0
"Kurtas, Ethnic Sets and Bottoms",4.2,37.0,1754.0
"Kurtas, Ethnic Sets and Bottoms",4.2,42.0,762.0
"Kurtas, Ethnic Sets and Bottoms",4.2,36.0,1405.0
"Kurtas, Ethnic Sets and Bottoms",4.2,37.0,1360.0
"Kurtas, Ethnic Sets and Bottoms",4.2,35.0,1655.0
"Kurtas, Ethnic Sets and Bottoms",4.2,40.0,1548.0
"Kurtas, Ethnic Sets and Bottoms",4.2,37.0,1214.0
"Kurtas, Ethnic Sets and Bottoms",4.2,34.0,2653.0
"Kurtas, Ethnic Sets and Bottoms",4.2,41.0,3898.0
"Kurtas, Ethnic Sets and Bottoms",4.2,35.0,584.0
"Kurtas, Ethnic Sets and Bottoms",4.2,36.0,1312.0
"Kurtas, Ethnic Sets and Bottoms",4.2,39.0,1248.0
"Kurtas, Ethnic Sets and Bottoms",4.2,41.0,1650.0
"Kurtas, Ethnic Sets and Bottoms",4.2,35.0,1471.0
"Kurtas, Ethnic Sets and Bottoms",4.2,36.0,1229.0
"Kurtas, Ethnic Sets and Bottoms",4.2,33.0,1323.0
"Kurtas, Ethnic Sets and Bottoms",4.2,36.0,667.0
"Kurtas, Ethnic Sets and Bottoms",3.6,45.0,384.0
"Kurtas, Ethnic Sets and Bottoms",4.2,25.0,570.0
"Kurtas, Ethnic Sets and Bottoms",3.6,45.0,384.0
"Kurtas, Ethnic Sets and Bottoms",4.2,36.0,758.0
"Kurtas, Ethnic Sets and Bottoms",4.2,35.0,402.0
"Kurtas, Ethnic Sets and Bottoms",4.8,30.0,753.0
"Kurtas, Ethnic Sets and Bottoms",4.2,37.0,892.0
"Kurtas, Ethnic Sets and Bottoms",4.2,31.0,1195.0
"Kurtas, Ethnic Sets and Bottoms",4.2,42.0,664.0
"Kurtas, Ethnic Sets and Bottoms",4.2,32.0,646.0
"Kurtas, Ethnic Sets and Bottoms",4.2,35.0,1742.0
"Kurtas, Ethnic Sets and Bottoms",4.2,38.0,1319.0
"Kurtas, Ethnic Sets and Bottoms",4.2,57.0,639.0
"Kurtas, Ethnic Sets and Bottoms",4.2,32.0,646.0
"Kurtas, Ethnic Sets and Bottoms",4.1,42.0,402.0
"Kurtas, Ethnic Sets and Bottoms",4.2,32.0,646.0
"Kurtas, Ethnic Sets and Bottoms",4.2,49.0,1592.0
"Kurtas, Ethnic Sets and Bottoms",4.2,35.0,1945.0
"Kurtas, Ethnic Sets and Bottoms",4.2,51.0,2096.0
"Kurtas, Ethnic Sets and Bottoms",4.2,36.0,2096.0
"Kurtas, Ethnic Sets and Bottoms",4.2,36.0,2391.0
"Kurtas, Ethnic Sets and Bottoms",4.2,38.0,2035.0
"Kurtas, Ethnic Sets and Bottoms",4.2,36.0,1808.0
"Kurtas, Ethnic Sets and Bottoms",4.2,35.0,2835.0
"Kurtas, Ethnic Sets and Bottoms",4.2,33.0,2318.0
"Kurtas, Ethnic Sets and Bottoms",4.2,37.0,2409.0
"Kurtas, Ethnic Sets and Bottoms",4.2,41.0,3243.0
"Kurtas, Ethnic Sets and Bottoms",4.2,53.0,1659.0
"Kurtas, Ethnic Sets and Bottoms",4.2,35.0,2595.0
"Kurtas, Ethnic Sets and Bottoms",4.2,30.0,3071.0
"Kurtas, Ethnic Sets and Bottoms",4.2,36.0,3063.0
"Kurtas, Ethnic Sets and Bottoms",4.2,31.0,2604.0
"Kurtas, Ethnic Sets and Bottoms",4.2,40.0,2393.0
"Kurtas, Ethnic Sets and Bottoms",4.2,33.0,2873.0
"Kurtas, Ethnic Sets and Bottoms",4.2,40.0,1728.0
"Kurtas, Ethnic Sets and Bottoms",4.2,35.0,2964.0
"Kurtas, Ethnic Sets and Bottoms",4.2,39.0,2038.0
"Kurtas, Ethnic Sets and Bottoms",4.2,40.0,2774.0
"Kurtas, Ethnic Sets and Bottoms",4.2,34.0,2407.0
"Kurtas, Ethnic Sets and Bottoms",4.2,19.0,2463.0
"Kurtas, Ethnic Sets and Bottoms",4.2,40.0,2489.0
"Kurtas, Ethnic Sets and Bottoms",4.2,33.0,2873.0
"Kurtas, Ethnic Sets and Bottoms",4.2,37.0,2132.0
"Kurtas, Ethnic Sets and Bottoms",4.2,41.0,2501.0
"Kurtas, Ethnic Sets and Bottoms",4.2,42.0,2875.0
"Kurtas, Ethnic Sets and Bottoms",4.2,41.0,3103.0
"Kurtas, Ethnic Sets and Bottoms",4.2,39.0,2136.0
"Kurtas, Ethnic Sets and Bottoms",4.2,34.0,1933.0
"Kurtas, Ethnic Sets and Bottoms",4.2,41.0,3288.0
"Kurtas, Ethnic Sets and Bottoms",4.2,40.0,1923.0
"Kurtas, Ethnic Sets and Bottoms",3.6,70.0,384.0
"Kurtas, Ethnic Sets and Bottoms",4.2,33.0,2246.0
"Kurtas, Ethnic Sets and Bottoms",4.2,41.0,2784.0
"Kurtas, Ethnic Sets and Bottoms",4.2,36.0,3505.0
"Kurtas, Ethnic Sets and Bottoms",4.2,40.0,3406.0
"Kurtas, Ethnic Sets and Bottoms",4.2,41.0,4035.0
"Kurtas, Ethnic Sets and Bottoms",4.2,41.0,4029.0
"Kurtas, Ethnic Sets and Bottoms",4.2,41.0,3671.0
"Kurtas, Ethnic Sets and Bottoms",4.2,41.0,4783.0
"Kurtas, Ethnic Sets and Bottoms",4.2,41.0,3570.0
"Kurtas, Ethnic Sets and Bottoms",4.2,41.0,4232.0
"Kurtas, Ethnic Sets and Bottoms",4.2,32.0,646.0
"Kurtas, Ethnic Sets and Bottoms",4.2,38.0,1728.0
"Kurtas, Ethnic Sets and Bottoms",3.6,45.0,384.0
"Kurtas, Ethnic Sets and Bottoms",4.2,24.0,469.0
"Kurtas, Ethnic Sets and Bottoms",4.2,35.0,584.0
"Kurtas, Ethnic Sets and Bottoms",4.2,49.0,399.0
"Kurtas, Ethnic Sets and Bottoms",4.0,34.0,310.0
"Kurtas, Ethnic Sets and Bottoms",4.3,47.0,549.0
"Kurtas, Ethnic Sets and Bottoms",4.7,55.0,449.0
"Kurtas, Ethnic Sets and Bottoms",3.8,38.0,425.0
"Kurtas, Ethnic Sets and Bottoms",3.8,53.0,299.0
"Kurtas, Ethnic Sets and Bottoms",4.3,51.0,410.0
"Kurtas, Ethnic Sets and Bottoms",3.8,42.0,272.0
"Kurtas, Ethnic Sets and Bottoms",3.8,34.0,285.0
"Kurtas, Ethnic Sets and Bottoms",3.8,49.0,355.0
"Kurtas, Ethnic Sets and Bottoms",3.6,44.0,525.0
"Kurtas, Ethnic Sets and Bottoms",4.7,52.0,525.0
"Kurtas, Ethnic Sets and Bottoms",4.3,44.0,699.0
"Kurtas, Ethnic Sets and Bottoms",3.1,43.0,245.0
"Kurtas, Ethnic Sets and Bottoms",3.8,47.0,365.0
"Kurtas, Ethnic Sets and Bottoms",3.5,25.0,749.0
"Kurtas, Ethnic Sets and Bottoms",3.8,51.0,649.0
"Kurtas, Ethnic Sets and Bottoms",4.4,19.0,525.0
"Kurtas, Ethnic Sets and Bottoms",3.8,36.0,949.0
"Kurtas, Ethnic Sets and Bottoms",3.8,36.0,949.0
"Kurtas, Ethnic Sets and Bottoms",3.8,50.0,1049.0
"Kurtas, Ethnic Sets and Bottoms",4.0,36.0,949.0
"Kurtas, Ethnic Sets and Bottoms",3.8,43.0,845.0
"Kurtas, Ethnic Sets and Bottoms",3.8,47.0,365.0
"Kurtas, Ethnic Sets and Bottoms",3.8,58.0,749.0
"Kurtas, Ethnic Sets and Bottoms",3.8,33.0,599.0
"Kurtas, Ethnic Sets and Bottoms",3.8,43.0,845.0
"Kurtas, Ethnic Sets and Bottoms",3.8,36.0,949.0
"Kurtas, Ethnic Sets and Bottoms",3.8,52.0,325.0
"Kurtas, Ethnic Sets and Bottoms",4.1,45.0,325.0
"Kurtas, Ethnic Sets and Bottoms",3.8,45.0,325.0
"Kurtas, Ethnic Sets and Bottoms",3.8,50.0,1049.0
"Kurtas, Ethnic Sets and Bottoms",4.1,45.0,325.0
"Kurtas, Ethnic Sets and Bottoms",3.8,49.0,349.0
"Kurtas, Ethnic Sets and Bottoms",4.3,47.0,499.0
"Kurtas, Ethnic Sets and Bottoms",3.8,50.0,349.0
"Kurtas, Ethnic Sets and Bottoms",3.8,45.0,325.0
"Kurtas, Ethnic Sets and Bottoms",3.8,45.0,325.0
"Kurtas, Ethnic Sets and Bottoms",3.8,45.0,325.0
"Kurtas, Ethnic Sets and Bottoms",3.8,45.0,325.0
"Kurtas, Ethnic Sets and Bottoms",3.8,49.0,325.0
"Kurtas, Ethnic Sets and Bottoms",3.8,46.0,320.0
"Kurtas, Ethnic Sets and Bottoms",3.8,46.0,320.0
"Kurtas, Ethnic Sets and Bottoms",3.8,49.0,349.0
"Kurtas, Ethnic Sets and Bottoms",3.8,45.0,325.0
"Kurtas, Ethnic Sets and Bottoms",3.8,45.0,325.0
"Kurtas, Ethnic Sets and Bottoms",3.8,45.0,325.0
"Kurtas, Ethnic Sets and Bottoms",3.8,46.0,320.0
"Kurtas, Ethnic Sets and Bottoms",3.8,49.0,325.0
"Kurtas, Ethnic Sets and Bottoms",3.8,45.0,325.0
"Kurtas, Ethnic Sets and Bottoms",3.8,46.0,320.0
"Kurtas, Ethnic Sets and Bottoms",4.3,50.0,1049.0
"Kurtas, Ethnic Sets and Bottoms",3.8,45.0,325.0
"Kurtas, Ethnic Sets and Bottoms",3.8,40.0,625.0
"Kurtas, Ethnic Sets and Bottoms",3.8,48.0,335.0
"Kurtas, Ethnic Sets and Bottoms",3.8,43.0,525.0
"Kurtas, Ethnic Sets and Bottoms",3.8,46.0,849.0
"Kurtas, Ethnic Sets and Bottoms",3.8,48.0,335.0
"Kurtas, Ethnic Sets and Bottoms",3.8,44.0,549.0
"Kurtas, Ethnic Sets and Bottoms",3.8,50.0,449.0
"Kurtas, Ethnic Sets and Bottoms",3.8,46.0,849.0
"Kurtas, Ethnic Sets and Bottoms",3.8,19.0,525.0
"Kurtas, Ethnic Sets and Bottoms",3.8,38.0,325.0
"Kurtas, Ethnic Sets and Bottoms",3.8,49.0,325.0
"Kurtas, Ethnic Sets and Bottoms",3.8,48.0,335.0
"Kurtas, Ethnic Sets and Bottoms",4.0,33.0,349.0
"Kurtas, Ethnic Sets and Bottoms",3.8,45.0,325.0
"Kurtas, Ethnic Sets and Bottoms",3.8,48.0,335.0
"Kurtas, Ethnic Sets and Bottoms",3.8,49.0,325.0
"Kurtas, Ethnic Sets and Bottoms",3.8,48.0,335.0
"Kurtas, Ethnic Sets and Bottoms",4.5,33.0,349.0
"Kurtas, Ethnic Sets and Bottoms",3.8,40.0,325.0
"Kurtas, Ethnic Sets and Bottoms",3.8,49.0,349.0
"Kurtas, Ethnic Sets and Bottoms",3.8,48.0,335.0
"Kurtas, Ethnic Sets and Bottoms",3.8,58.0,249.0
"Kurtas, Ethnic Sets and Bottoms",3.8,43.0,849.0
"Kurtas, Ethnic Sets and Bottoms",3.8,49.0,699.0
"Kurtas, Ethnic Sets and Bottoms",3.8,49.0,499.0
"Kurtas, Ethnic Sets and Bottoms",3.8,53.0,299.0
"Kurtas, Ethnic Sets and Bottoms",5.0,45.0,949.0
"Kurtas, Ethnic Sets and Bottoms",3.8,49.0,355.0
"Kurtas, Ethnic Sets and Bottoms",3.8,41.0,699.0
"Kurtas, Ethnic Sets and Bottoms",3.8,56.0,1299.0
"Kurtas, Ethnic Sets and Bottoms",4.0,44.0,699.0
"Kurtas, Ethnic Sets and Bottoms",3.8,53.0,349.0
"Kurtas, Ethnic Sets and Bottoms",3.8,49.0,699.0
"Kurtas, Ethnic Sets and Bottoms",3.8,58.0,1075.0
"Kurtas, Ethnic Sets and Bottoms",4.1,45.0,325.0
"Kurtas, Ethnic Sets and Bottoms",3.8,49.0,685.0
"Kurtas, Ethnic Sets and Bottoms",4.0,49.0,349.0
"Kurtas, Ethnic Sets and Bottoms",3.5,49.0,349.0
"Kurtas, Ethnic Sets and Bottoms",3.8,49.0,699.0
"Kurtas, Ethnic Sets and Bottoms",3.8,47.0,549.0
"Kurtas, Ethnic Sets and Bottoms",3.8,45.0,599.0
"Kurtas, Ethnic Sets and Bottoms",3.8,45.0,625.0
"Kurtas, Ethnic Sets and Bottoms",3.8,45.0,625.0
"Kurtas, Ethnic Sets and Bottoms",3.8,36.0,635.0
"Kurtas, Ethnic Sets and Bottoms",3.8,36.0,635.0
"Kurtas, Ethnic Sets and Bottoms",3.8,28.0,499.0
"Kurtas, Ethnic Sets and Bottoms",3.8,55.0,849.0
"Kurtas, Ethnic Sets and Bottoms",3.8,55.0,1349.0
"Kurtas, Ethnic Sets and Bottoms",3.8,48.0,649.0
"Kurtas, Ethnic Sets and Bottoms",3.8,51.0,290.0
"Kurtas, Ethnic Sets and Bottoms",3.8,34.0,725.0
"Kurtas, Ethnic Sets and Bottoms",3.8,52.0,599.0
"Kurtas, Ethnic Sets and Bottoms",3.8,52.0,1299.0
"Kurtas, Ethnic Sets and Bottoms",3.8,45.0,325.0
"Kurtas, Ethnic Sets and Bottoms",3.8,55.0,399.0
"Kurtas, Ethnic Sets and Bottoms",3.8,56.0,349.0
"Kurtas, Ethnic Sets and Bottoms",3.8,52.0,335.0
"Kurtas, Ethnic Sets and Bottoms",3.8,56.0,875.0
"Kurtas, Ethnic Sets and Bottoms",3.8,52.0,525.0
"Kurtas, Ethnic Sets and Bottoms",3.8,48.0,649.0
"Kurtas, Ethnic Sets and Bottoms",3.8,59.0,625.0
"Kurtas, Ethnic Sets and Bottoms",3.8,51.0,290.0
"Kurtas, Ethnic Sets and Bottoms",3.8,48.0,649.0
"Kurtas, Ethnic Sets and Bottoms",3.8,55.0,1349.0
"Kurtas, Ethnic Sets and Bottoms",3.8,58.0,1049.0
"Kurtas, Ethnic Sets and Bottoms",3.8,55.0,355.0
"Kurtas, Ethnic Sets and Bottoms",3.8,28.0,499.0
"Kurtas, Ethnic Sets and Bottoms",3.8,28.0,499.0
"Kurtas, Ethnic Sets and Bottoms",3.8,50.0,1499.0
"Kurtas, Ethnic Sets and Bottoms",3.8,57.0,799.0
"Kurtas, Ethnic Sets and Bottoms",3.8,53.0,1599.0
"Kurtas, Ethnic Sets and Bottoms",3.8,53.0,349.0
"Kurtas, Ethnic Sets and Bottoms",4.2,53.0,299.0
"Kurtas, Ethnic Sets and Bottoms",4.1,50.0,299.0
"Kurtas, Ethnic Sets and Bottoms",3.8,55.0,1349.0
"Kurtas, Ethnic Sets and Bottoms",3.8,69.0,499.0
"Kurtas, Ethnic Sets and Bottoms",3.1,45.0,235.0
"Kurtas, Ethnic Sets and Bottoms",3.8,47.0,235.0
"Kurtas, Ethnic Sets and Bottoms",3.3,50.0,449.0
"Kurtas, Ethnic Sets and Bottoms",2.7,49.0,355.0
"Kurtas, Ethnic Sets and Bottoms",3.3,60.0,649.0
"Kurtas, Ethnic Sets and Bottoms",3.2,51.0,315.0
"Kurtas, Ethnic Sets and Bottoms",2.0,45.0,325.0
"Kurtas, Ethnic Sets and Bottoms",3.0,52.0,525.0
"Kurtas, Ethnic Sets and Bottoms",3.8,33.0,349.0
"Kurtas, Ethnic Sets and Bottoms",4.1,34.0,325.0
"Kurtas, Ethnic Sets and Bottoms",1.0,55.0,399.0
"Kurtas, Ethnic Sets and Bottoms",1.7,49.0,349.0
"Kurtas, Ethnic Sets and Bottoms",3.8,46.0,349.0
"Kurtas, Ethnic Sets and Bottoms",2.0,48.0,699.0
"Kurtas, Ethnic Sets and Bottoms",3.8,56.0,1549.0
"Kurtas, Ethnic Sets and Bottoms",3.8,45.0,325.0
Fabrics,1.7,6.0,699.0
"Kurtas, Ethnic Sets and Bottoms",3.8,0,2499.0
"Kurtas, Ethnic Sets and Bottoms",2.2,45.0,1264.0
"Kurtas, Ethnic Sets and Bottoms",4.3,50.0,1249.0
"Kurtas, Ethnic Sets and Bottoms",0.0,55.0,1124.0
"Kurtas, Ethnic Sets and Bottoms",3.4,55.0,1124.0
"Kurtas, Ethnic Sets and Bottoms",3.6,0,1899.0
"Kurtas, Ethnic Sets and Bottoms",2.7,59.0,809.0
"Kurtas, Ethnic Sets and Bottoms",2.7,71.0,566.0
"Kurtas, Ethnic Sets and Bottoms",2.7,70.0,597.0
"Kurtas, Ethnic Sets and Bottoms",4.2,57.0,469.0
"Kurtas, Ethnic Sets and Bottoms",4.2,57.0,469.0
"Kurtas, Ethnic Sets and Bottoms",4.1,57.0,469.0
"Kurtas, Ethnic Sets and Bottoms",4.2,57.0,469.0
"Kurtas, Ethnic Sets and Bottoms",4.2,59.0,448.0
"Kurtas, Ethnic Sets and Bottoms",4.2,57.0,469.0
"Kurtas, Ethnic Sets and Bottoms",4.5,57.0,469.0
"Kurtas, Ethnic Sets and Bottoms",4.1,57.0,469.0
"Kurtas, Ethnic Sets and Bottoms",4.2,57.0,469.0
"Kurtas, Ethnic Sets and Bottoms",4.2,57.0,469.0
"Kurtas, Ethnic Sets and Bottoms",4.2,57.0,469.0
"Kurtas, Ethnic Sets and Bottoms",4.1,57.0,469.0
"Kurtas, Ethnic Sets and Bottoms",4.2,57.0,469.0
"Kurtas, Ethnic Sets and Bottoms",4.2,57.0,469.0
"Kurtas, Ethnic Sets and Bottoms",2.5,33.0,799.0
"Kurtas, Ethnic Sets and Bottoms",0.0,24.0,636.0
"Kurtas, Ethnic Sets and Bottoms",0.0,31.0,685.0
"Kurtas, Ethnic Sets and Bottoms",0.0,31.0,700.0
"Kurtas, Ethnic Sets and Bottoms",0.0,0,650.0
"Kurtas, Ethnic Sets and Bottoms",0.0,0,750.0
"Kurtas, Ethnic Sets and Bottoms",0.0,0,700.0
"Kurtas, Ethnic Sets and Bottoms",0.0,28.0,2924.0
"Kurtas, Ethnic Sets and Bottoms",0.0,12.0,4387.0
"Kurtas, Ethnic Sets and Bottoms",2.8,37.0,499.0
"Kurtas, Ethnic Sets and Bottoms",4.3,20.0,599.0
"Kurtas, Ethnic Sets and Bottoms",3.0,0,299.0
"Kurtas, Ethnic Sets and Bottoms",4.3,20.0,599.0
"Kurtas, Ethnic Sets and Bottoms",4.3,20.0,599.0
"Kurtas, Ethnic Sets and Bottoms",3.5,56.0,1298.0
"Kurtas, Ethnic Sets and Bottoms",3.9,25.0,519.0
"Kurtas, Ethnic Sets and Bottoms",3.9,28.0,499.0
"Kurtas, Ethnic Sets and Bottoms",0.0,14.0,600.0
"Kurtas, Ethnic Sets and Bottoms",0.0,13.0,1300.0
"Kurtas, Ethnic Sets and Bottoms",0.0,16.0,1250.0
"Kurtas, Ethnic Sets and Bottoms",5.0,61.0,499.0
"Kurtas, Ethnic Sets and Bottoms",1.8,34.0,650.0
"Kurtas, Ethnic Sets and Bottoms",1.8,46.0,320.0
"Kurtas, Ethnic Sets and Bottoms",1.7,37.0,999.0
"Kurtas, Ethnic Sets and Bottoms",1.8,31.0,1099.0
"Kurtas, Ethnic Sets and Bottoms",1.8,46.0,799.0
"Kurtas, Ethnic Sets and Bottoms",1.8,38.0,799.0
"Kurtas, Ethnic Sets and Bottoms",1.8,41.0,350.0
"Kurtas, Ethnic Sets and Bottoms",1.8,56.0,699.0
"Kurtas, Ethnic Sets and Bottoms",1.8,46.0,699.0
"Kurtas, Ethnic Sets and Bottoms",1.8,63.0,369.0
"Kurtas, Ethnic Sets and Bottoms",1.8,50.0,499.0
"Kurtas, Ethnic Sets and Bottoms",1.8,67.0,320.0
"Kurtas, Ethnic Sets and Bottoms",1.8,60.0,399.0
"Kurtas, Ethnic Sets and Bottoms",1.8,61.0,499.0
"Kurtas, Ethnic Sets and Bottoms",1.8,61.0,499.0
"Kurtas, Ethnic Sets and Bottoms",1.8,50.0,499.0
"Kurtas, Ethnic Sets and Bottoms",1.8,50.0,799.0
"Kurtas, Ethnic Sets and Bottoms",1.8,65.0,899.0
"Kurtas, Ethnic Sets and Bottoms",1.8,50.0,799.0
"Kurtas, Ethnic Sets and Bottoms",1.8,72.0,499.0
"Kurtas, Ethnic Sets and Bottoms",1.8,60.0,399.0
"Kurtas, Ethnic Sets and Bottoms",1.8,48.0,1299.0
"Kurtas, Ethnic Sets and Bottoms",1.8,60.0,399.0
"Kurtas, Ethnic Sets and Bottoms",1.8,43.0,1299.0
"Kurtas, Ethnic Sets and Bottoms",1.8,62.0,599.0
"Kurtas, Ethnic Sets and Bottoms",1.8,53.0,699.0
"Kurtas, Ethnic Sets and Bottoms",1.8,62.0,599.0
"Kurtas, Ethnic Sets and Bottoms",1.8,50.0,499.0
"Kurtas, Ethnic Sets and Bottoms",1.8,56.0,699.0
"Kurtas, Ethnic Sets and Bottoms",1.7,37.0,999.0
"Kurtas, Ethnic Sets and Bottoms",1.7,37.0,999.0
"Kurtas, Ethnic Sets and Bottoms",1.7,37.0,999.0
"Kurtas, Ethnic Sets and Bottoms",1.7,37.0,999.0
"Kurtas, Ethnic Sets and Bottoms",1.7,37.0,999.0
"Kurtas, Ethnic Sets and Bottoms",1.7,37.0,999.0
"Kurtas, Ethnic Sets and Bottoms",1.7,37.0,999.0
"Kurtas, Ethnic Sets and Bottoms",1.7,37.0,999.0
"Kurtas, Ethnic Sets and Bottoms",1.7,37.0,999.0
"Kurtas, Ethnic Sets and Bottoms",1.7,37.0,999.0
"Kurtas, Ethnic Sets and Bottoms",1.7,37.0,999.0
"Kurtas, Ethnic Sets and Bottoms",1.7,37.0,999.0
"Kurtas, Ethnic Sets and Bottoms",1.7,37.0,999.0
"Kurtas, Ethnic Sets and Bottoms",1.7,37.0,999.0
"Kurtas, Ethnic Sets and Bottoms",1.7,37.0,999.0
"Kurtas, Ethnic Sets and Bottoms",1.7,37.0,999.0
"Kurtas, Ethnic Sets and Bottoms",1.7,37.0,999.0
"Kurtas, Ethnic Sets and Bottoms",1.7,37.0,999.0
"Kurtas, Ethnic Sets and Bottoms",1.7,37.0,999.0
"Kurtas, Ethnic Sets and Bottoms",1.7,37.0,999.0
"Kurtas, Ethnic Sets and Bottoms",1.7,37.0,999.0
"Kurtas, Ethnic Sets and Bottoms",1.7,37.0,999.0
"Kurtas, Ethnic Sets and Bottoms",3.8,64.0,629.0
"Kurtas, Ethnic Sets and Bottoms",3.8,64.0,629.0
"Kurtas, Ethnic Sets and Bottoms",4.1,64.0,629.0
"Kurtas, Ethnic Sets and Bottoms",3.8,64.0,629.0
"Kurtas, Ethnic Sets and Bottoms",3.8,64.0,629.0
"Kurtas, Ethnic Sets and Bottoms",3.8,64.0,629.0
"Kurtas, Ethnic Sets and Bottoms",3.8,64.0,629.0
"Kurtas, Ethnic Sets and Bottoms",3.8,64.0,629.0
"Kurtas, Ethnic Sets and Bottoms",3.8,64.0,629.0
"Kurtas, Ethnic Sets and Bottoms",3.8,64.0,629.0
"Kurtas, Ethnic Sets and Bottoms",3.8,64.0,629.0
"Kurtas, Ethnic Sets and Bottoms",4.1,64.0,629.0
"Kurtas, Ethnic Sets and Bottoms",3.8,64.0,629.0
"Kurtas, Ethnic Sets and Bottoms",3.8,64.0,629.0
"Kurtas, Ethnic Sets and Bottoms",3.8,64.0,629.0
"Kurtas, Ethnic Sets and Bottoms",3.8,64.0,629.0
"Kurtas, Ethnic Sets and Bottoms",3.8,64.0,629.0
"Kurtas, Ethnic Sets and Bottoms",3.8,64.0,629.0
"Kurtas, Ethnic Sets and Bottoms",4.1,64.0,629.0
"Kurtas, Ethnic Sets and Bottoms",3.8,64.0,629.0
"Kurtas, Ethnic Sets and Bottoms",3.8,64.0,629.0
"Kurtas, Ethnic Sets and Bottoms",3.8,64.0,629.0
"Kurtas, Ethnic Sets and Bottoms",3.8,64.0,629.0
"Kurtas, Ethnic Sets and Bottoms",4.1,64.0,629.0
"Kurtas, Ethnic Sets and Bottoms",4.1,64.0,629.0
"Kurtas, Ethnic Sets and Bottoms",3.8,64.0,629.0
"Kurtas, Ethnic Sets and Bottoms",3.9,49.0,552.0
"Kurtas, Ethnic Sets and Bottoms",3.9,48.0,569.0
"Kurtas, Ethnic Sets and Bottoms",3.9,48.0,569.0
"Kurtas, Ethnic Sets and Bottoms",3.9,48.0,569.0
"Kurtas, Ethnic Sets and Bottoms",4.2,48.0,569.0
"Kurtas, Ethnic Sets and Bottoms",3.9,48.0,569.0
"Kurtas, Ethnic Sets and Bottoms",3.9,48.0,569.0
"Kurtas, Ethnic Sets and Bottoms",4.2,48.0,569.0
"Kurtas, Ethnic Sets and Bottoms",3.9,48.0,569.0
"Kurtas, Ethnic Sets and Bottoms",2.2,50.0,600.0
"Kurtas, Ethnic Sets and Bottoms",2.2,50.0,600.0
"Kurtas, Ethnic Sets and Bottoms",2.2,50.0,600.0
"Kurtas, Ethnic Sets and Bottoms",2.2,50.0,600.0
"Kurtas, Ethnic Sets and Bottoms",2.2,50.0,600.0
"Kurtas, Ethnic Sets and Bottoms",2.2,50.0,600.0
"Kurtas, Ethnic Sets and Bottoms",4.0,72.0,702.0
"Kurtas, Ethnic Sets and Bottoms",4.0,72.0,719.0
"Kurtas, Ethnic Sets and Bottoms",3.8,72.0,719.0
"Kurtas, Ethnic Sets and Bottoms",3.7,75.0,647.0
"Kurtas, Ethnic Sets and Bottoms",4.0,74.0,660.0
"Kurtas, Ethnic Sets and Bottoms",4.0,75.0,647.0
"Kurtas, Ethnic Sets and Bottoms",4.0,79.0,538.0
"Kurtas, Ethnic Sets and Bottoms",4.0,73.0,677.0
"Kurtas, Ethnic Sets and Bottoms",3.6,75.0,647.0
"Kurtas, Ethnic Sets and Bottoms",2.9,64.0,719.0
"Kurtas, Ethnic Sets and Bottoms",3.8,72.0,719.0
"Kurtas, Ethnic Sets and Bottoms",4.4,72.0,719.0
"Kurtas, Ethnic Sets and Bottoms",3.3,72.0,719.0
"Kurtas, Ethnic Sets and Bottoms",3.8,72.0,719.0
"Kurtas, Ethnic Sets and Bottoms",3.8,72.0,719.0
"Kurtas, Ethnic Sets and Bottoms",2.9,76.0,449.0
"Kurtas, Ethnic Sets and Bottoms",4.0,80.0,499.0
"Kurtas, Ethnic Sets and Bottoms",2.9,80.0,494.0
"Kurtas, Ethnic Sets and Bottoms",2.0,78.0,566.0
"Kurtas, Ethnic Sets and Bottoms",2.9,48.0,1035.0
"Kurtas, Ethnic Sets and Bottoms",5.0,72.0,719.0
"Kurtas, Ethnic Sets and Bottoms",2.9,75.0,629.0
"Kurtas, Ethnic Sets and Bottoms",3.7,80.0,499.0
"Kurtas, Ethnic Sets and Bottoms",3.8,72.0,719.0
"Kurtas, Ethnic Sets and Bottoms",2.9,80.0,499.0
"Kurtas, Ethnic Sets and Bottoms",2.9,48.0,1035.0
"Kurtas, Ethnic Sets and Bottoms",2.9,64.0,719.0
"Kurtas, Ethnic Sets and Bottoms",2.8,82.0,449.0
"Kurtas, Ethnic Sets and Bottoms",5.0,82.0,449.0
"Kurtas, Ethnic Sets and Bottoms",2.9,41.0,1169.0
"Kurtas, Ethnic Sets and Bottoms",2.9,41.0,1169.0
"Kurtas, Ethnic Sets and Bottoms",2.9,41.0,1169.0
"Kurtas, Ethnic Sets and Bottoms",2.9,41.0,1169.0
"Kurtas, Ethnic Sets and Bottoms",2.9,72.0,719.0
"Kurtas, Ethnic Sets and Bottoms",2.9,63.0,699.0
"Kurtas, Ethnic Sets and Bottoms",3.3,72.0,719.0
"Kurtas, Ethnic Sets and Bottoms",2.9,80.0,499.0
"Kurtas, Ethnic Sets and Bottoms",2.9,72.0,719.0
"Kurtas, Ethnic Sets and Bottoms",2.9,72.0,719.0
"Kurtas, Ethnic Sets and Bottoms",1.0,80.0,494.0
Fabrics,3.7,44.0,359.0
Fabrics,3.6,30.0,349.0
Fabrics,2.4,44.0,499.0
Fabrics,2.4,47.0,399.0
Fabrics,2.9,46.0,399.0
Fabrics,2.4,40.0,389.0
Fabrics,2.4,40.0,359.0
Fabrics,2.4,48.0,359.0
Fabrics,2.4,50.0,399.0
Fabrics,2.4,67.0,449.0
"Kurtas, Ethnic Sets and Bottoms",3.9,73.0,390.0
"Kurtas, Ethnic Sets and Bottoms",4.1,64.0,425.0
"Kurtas, Ethnic Sets and Bottoms",4.1,73.0,420.0
"Kurtas, Ethnic Sets and Bottoms",4.3,70.0,450.0
"Kurtas, Ethnic Sets and Bottoms",3.0,72.0,390.0
"Kurtas, Ethnic Sets and Bottoms",4.1,66.0,495.0
"Kurtas, Ethnic Sets and Bottoms",4.1,74.0,519.0
"Kurtas, Ethnic Sets and Bottoms",4.1,73.0,390.0
"Kurtas, Ethnic Sets and Bottoms",3.9,72.0,390.0
"Kurtas, Ethnic Sets and Bottoms",3.0,72.0,390.0
"Kurtas, Ethnic Sets and Bottoms",4.1,74.0,519.0
"Kurtas, Ethnic Sets and Bottoms",5.0,64.0,390.0
"Kurtas, Ethnic Sets and Bottoms",3.9,72.0,390.0
"Kurtas, Ethnic Sets and Bottoms",3.0,72.0,390.0
"Kurtas, Ethnic Sets and Bottoms",3.0,72.0,390.0
"Kurtas, Ethnic Sets and Bottoms",3.0,72.0,390.0
"Kurtas, Ethnic Sets and Bottoms",3.0,72.0,390.0
"Kurtas, Ethnic Sets and Bottoms",4.1,74.0,519.0
"Kurtas, Ethnic Sets and Bottoms",3.0,72.0,390.0
"Kurtas, Ethnic Sets and Bottoms",3.0,72.0,390.0
"Kurtas, Ethnic Sets and Bottoms",3.0,72.0,390.0
"Kurtas, Ethnic Sets and Bottoms",4.1,66.0,495.0
"Kurtas, Ethnic Sets and Bottoms",4.1,66.0,495.0
"Kurtas, Ethnic Sets and Bottoms",4.1,66.0,495.0
"Kurtas, Ethnic Sets and Bottoms",3.0,72.0,390.0
"Kurtas, Ethnic Sets and Bottoms",4.1,73.0,390.0
"Kurtas, Ethnic Sets and Bottoms",4.1,66.0,495.0
"Kurtas, Ethnic Sets and Bottoms",4.1,74.0,519.0
"Kurtas, Ethnic Sets and Bottoms",4.1,56.0,435.0
"Kurtas, Ethnic Sets and Bottoms",4.3,70.0,450.0
"Kurtas, Ethnic Sets and Bottoms",4.1,66.0,495.0
"Kurtas, Ethnic Sets and Bottoms",4.1,74.0,519.0
"Kurtas, Ethnic Sets and Bottoms",4.1,73.0,525.0
"Kurtas, Ethnic Sets and Bottoms",3.9,72.0,390.0
"Kurtas, Ethnic Sets and Bottoms",4.1,74.0,519.0
"Kurtas, Ethnic Sets and Bottoms",3.9,72.0,390.0
"Kurtas, Ethnic Sets and Bottoms",4.7,75.0,395.0
"Kurtas, Ethnic Sets and Bottoms",3.9,72.0,390.0
"Kurtas, Ethnic Sets and Bottoms",5.0,64.0,390.0
"Kurtas, Ethnic Sets and Bottoms",3.9,72.0,390.0
"Kurtas, Ethnic Sets and Bottoms",3.5,62.0,849.0
"Kurtas, Ethnic Sets and Bottoms",4.7,75.0,395.0
"Kurtas, Ethnic Sets and Bottoms",4.1,69.0,390.0
"Kurtas, Ethnic Sets and Bottoms",4.1,69.0,390.0
"Kurtas, Ethnic Sets and Bottoms",4.1,69.0,390.0
"Kurtas, Ethnic Sets and Bottoms",4.1,69.0,390.0
"Kurtas, Ethnic Sets and Bottoms",4.1,69.0,390.0
"Kurtas, Ethnic Sets and Bottoms",4.1,69.0,390.0
"Kurtas, Ethnic Sets and Bottoms",4.1,69.0,390.0
"Kurtas, Ethnic Sets and Bottoms",4.7,75.0,395.0
"Kurtas, Ethnic Sets and Bottoms",0.0,69.0,390.0
"Kurtas, Ethnic Sets and Bottoms",4.1,74.0,465.0
"Kurtas, Ethnic Sets and Bottoms",4.1,74.0,465.0
"Kurtas, Ethnic Sets and Bottoms",4.7,75.0,395.0
"Kurtas, Ethnic Sets and Bottoms",4.7,75.0,395.0
"Kurtas, Ethnic Sets and Bottoms",5.0,64.0,390.0
"Kurtas, Ethnic Sets and Bottoms",4.3,70.0,450.0
"Kurtas, Ethnic Sets and Bottoms",4.3,70.0,450.0
"Kurtas, Ethnic Sets and Bottoms",4.1,69.0,999.0
"Kurtas, Ethnic Sets and Bottoms",4.1,73.0,525.0
"Kurtas, Ethnic Sets and Bottoms",4.1,68.0,999.0
"Kurtas, Ethnic Sets and Bottoms",3.9,72.0,390.0
"Kurtas, Ethnic Sets and Bottoms",4.1,64.0,1799.0
"Kurtas, Ethnic Sets and Bottoms",4.1,64.0,1799.0
"Kurtas, Ethnic Sets and Bottoms",4.1,74.0,465.0
"Kurtas, Ethnic Sets and Bottoms",4.1,59.0,1499.0
"Kurtas, Ethnic Sets and Bottoms",4.1,49.0,1455.0
"Kurtas, Ethnic Sets and Bottoms",4.1,68.0,390.0
"Kurtas, Ethnic Sets and Bottoms",4.1,68.0,390.0
"Kurtas, Ethnic Sets and Bottoms",4.1,72.0,350.0
"Kurtas, Ethnic Sets and Bottoms",4.1,68.0,390.0
"Kurtas, Ethnic Sets and Bottoms",4.1,68.0,390.0
"Kurtas, Ethnic Sets and Bottoms",4.1,68.0,390.0
"Kurtas, Ethnic Sets and Bottoms",4.1,68.0,390.0
"Kurtas, Ethnic Sets and Bottoms",4.7,65.0,699.0
"Kurtas, Ethnic Sets and Bottoms",4.7,65.0,699.0
"Kurtas, Ethnic Sets and Bottoms",4.7,65.0,699.0
"Kurtas, Ethnic Sets and Bottoms",4.7,65.0,699.0
"Kurtas, Ethnic Sets and Bottoms",4.7,65.0,699.0
"Kurtas, Ethnic Sets and Bottoms",3.4,46.0,799.0
"Kurtas, Ethnic Sets and Bottoms",3.4,46.0,799.0
"Kurtas, Ethnic Sets and Bottoms",3.4,46.0,799.0
"Kurtas, Ethnic Sets and Bottoms",3.4,46.0,799.0
"Kurtas, Ethnic Sets and Bottoms",3.4,46.0,799.0
"Kurtas, Ethnic Sets and Bottoms",3.4,46.0,799.0
"Kurtas, Ethnic Sets and Bottoms",3.4,46.0,799.0
"Kurtas, Ethnic Sets and Bottoms",3.4,46.0,799.0
"Kurtas, Ethnic Sets and Bottoms",3.4,46.0,799.0
"Kurtas, Ethnic Sets and Bottoms",3.4,46.0,799.0
"Kurtas, Ethnic Sets and Bottoms",3.4,46.0,799.0
"Kurtas, Ethnic Sets and Bottoms",3.4,53.0,699.0
"Kurtas, Ethnic Sets and Bottoms",3.4,46.0,799.0
"Kurtas, Ethnic Sets and Bottoms",3.4,46.0,799.0
"Kurtas, Ethnic Sets and Bottoms",3.4,46.0,799.0
"Kurtas, Ethnic Sets and Bottoms",4.0,43.0,395.0
"Kurtas, Ethnic Sets and Bottoms",4.0,53.0,350.0
"Kurtas, Ethnic Sets and Bottoms",4.0,55.0,290.0
"Kurtas, Ethnic Sets and Bottoms",4.0,57.0,250.0
"Kurtas, Ethnic Sets and Bottoms",4.2,48.0,390.0
"Kurtas, Ethnic Sets and Bottoms",3.9,53.0,350.0
"Kurtas, Ethnic Sets and Bottoms",4.1,48.0,390.0
"Kurtas, Ethnic Sets and Bottoms",4.4,53.0,750.0
"Kurtas, Ethnic Sets and Bottoms",4.3,46.0,345.0
"Kurtas, Ethnic Sets and Bottoms",3.8,44.0,250.0
"Kurtas, Ethnic Sets and Bottoms",3.8,36.0,600.0
"Kurtas, Ethnic Sets and Bottoms",3.7,50.0,275.0
"Kurtas, Ethnic Sets and Bottoms",4.5,43.0,850.0
"Kurtas, Ethnic Sets and Bottoms",4.6,51.0,825.0
"Kurtas, Ethnic Sets and Bottoms",3.4,50.0,335.0
"Kurtas, Ethnic Sets and Bottoms",3.4,51.0,825.0
"Kurtas, Ethnic Sets and Bottoms",4.0,48.0,390.0
"Kurtas, Ethnic Sets and Bottoms",3.8,47.0,950.0
"Kurtas, Ethnic Sets and Bottoms",2.3,47.0,950.0
"Kurtas, Ethnic Sets and Bottoms",3.8,52.0,950.0
"Kurtas, Ethnic Sets and Bottoms",4.0,52.0,850.0
"Kurtas, Ethnic Sets and Bottoms",3.8,48.0,960.0
"Kurtas, Ethnic Sets and Bottoms",3.8,48.0,950.0
"Kurtas, Ethnic Sets and Bottoms",4.3,48.0,950.0
"Kurtas, Ethnic Sets and Bottoms",3.8,47.0,950.0
"Kurtas, Ethnic Sets and Bottoms",3.8,52.0,850.0
"Kurtas, Ethnic Sets and Bottoms",3.8,56.0,850.0
"Kurtas, Ethnic Sets and Bottoms",4.0,47.0,950.0
"Kurtas, Ethnic Sets and Bottoms",0.0,48.0,750.0
"Kurtas, Ethnic Sets and Bottoms",3.8,51.0,825.0
"Kurtas, Ethnic Sets and Bottoms",3.8,36.0,950.0
"Kurtas, Ethnic Sets and Bottoms",3.8,50.0,950.0
"Kurtas, Ethnic Sets and Bottoms",3.4,52.0,850.0
"Kurtas, Ethnic Sets and Bottoms",4.3,50.0,925.0
"Kurtas, Ethnic Sets and Bottoms",4.5,51.0,950.0
"Kurtas, Ethnic Sets and Bottoms",4.0,47.0,950.0
"Kurtas, Ethnic Sets and Bottoms",4.0,52.0,850.0
"Kurtas, Ethnic Sets and Bottoms",3.8,24.0,950.0
"Kurtas, Ethnic Sets and Bottoms",3.8,42.0,490.0
"Kurtas, Ethnic Sets and Bottoms",3.8,32.0,850.0
"Kurtas, Ethnic Sets and Bottoms",0.0,55.0,850.0
"Kurtas, Ethnic Sets and Bottoms",3.8,50.0,900.0
"Kurtas, Ethnic Sets and Bottoms",4.0,51.0,880.0
"Kurtas, Ethnic Sets and Bottoms",3.8,57.0,850.0
"Kurtas, Ethnic Sets and Bottoms",3.8,44.0,250.0
"Kurtas, Ethnic Sets and Bottoms",3.8,44.0,250.0
"Kurtas, Ethnic Sets and Bottoms",3.8,47.0,950.0
"Kurtas, Ethnic Sets and Bottoms",3.7,56.0,850.0
"Kurtas, Ethnic Sets and Bottoms",3.8,48.0,490.0
"Kurtas, Ethnic Sets and Bottoms",4.0,52.0,950.0
"Kurtas, Ethnic Sets and Bottoms",3.5,51.0,750.0
"Kurtas, Ethnic Sets and Bottoms",4.7,51.0,950.0
"Kurtas, Ethnic Sets and Bottoms",4.5,44.0,249.0
"Kurtas, Ethnic Sets and Bottoms",3.8,56.0,850.0
"Kurtas, Ethnic Sets and Bottoms",4.0,47.0,950.0
"Kurtas, Ethnic Sets and Bottoms",3.8,46.0,350.0
"Kurtas, Ethnic Sets and Bottoms",3.8,47.0,950.0
"Kurtas, Ethnic Sets and Bottoms",3.8,50.0,925.0
"Kurtas, Ethnic Sets and Bottoms",2.3,50.0,900.0
"Kurtas, Ethnic Sets and Bottoms",2.3,47.0,950.0
"Kurtas, Ethnic Sets and Bottoms",3.8,48.0,250.0
"Kurtas, Ethnic Sets and Bottoms",2.3,50.0,900.0
"Kurtas, Ethnic Sets and Bottoms",3.3,54.0,850.0
"Kurtas, Ethnic Sets and Bottoms",3.8,44.0,249.0
"Kurtas, Ethnic Sets and Bottoms",4.0,47.0,950.0
"Kurtas, Ethnic Sets and Bottoms",1.7,52.0,850.0
"Kurtas, Ethnic Sets and Bottoms",3.0,44.0,250.0
Fabrics,3.6,64.0,359.0
Fabrics,3.6,64.0,359.0
Fabrics,3.6,60.0,396.0
Fabrics,3.2,77.0,359.0
Fabrics,3.6,64.0,359.0
Fabrics,3.2,76.0,368.0
Fabrics,3.2,60.0,399.0
Fabrics,3.2,69.0,399.0
Fabrics,3.2,60.0,399.0
Fabrics,3.2,76.0,359.0
Fabrics,3.2,76.0,359.0
Fabrics,3.2,60.0,399.0
Fabrics,3.2,76.0,359.0
Fabrics,3.2,76.0,359.0
Fabrics,3.6,77.0,359.0
Fabrics,3.6,72.0,386.0
Fabrics,3.6,73.0,368.0
Fabrics,3.2,77.0,359.0
Fabrics,3.2,74.0,359.0
Fabrics,3.2,76.0,359.0
Fabrics,3.2,74.0,359.0
Fabrics,3.6,77.0,359.0
Fabrics,3.6,74.0,359.0
Fabrics,3.2,74.0,359.0
Fabrics,3.2,76.0,359.0
Fabrics,3.2,71.0,404.0
Fabrics,3.2,74.0,359.0
Fabrics,3.2,72.0,359.0
Fabrics,3.6,72.0,386.0
Fabrics,3.2,72.0,386.0
Fabrics,3.2,76.0,359.0
Fabrics,3.2,76.0,359.0
Fabrics,3.2,76.0,359.0
Fabrics,3.2,76.0,359.0
Fabrics,3.6,72.0,359.0
Fabrics,3.2,76.0,359.0
Fabrics,3.6,74.0,359.0
Fabrics,3.2,74.0,359.0
Fabrics,3.2,76.0,359.0
Fabrics,3.6,71.0,399.0
Fabrics,3.6,73.0,377.0
Fabrics,3.2,76.0,359.0
Fabrics,3.2,77.0,359.0
Fabrics,3.2,77.0,359.0
Fabrics,3.2,60.0,399.0
Fabrics,3.2,76.0,377.0
Fabrics,3.2,77.0,359.0
Fabrics,3.2,77.0,359.0
Fabrics,3.2,77.0,359.0
Fabrics,3.6,71.0,399.0
Fabrics,3.2,77.0,359.0
Fabrics,3.2,77.0,359.0
Fabrics,3.6,76.0,359.0
Fabrics,3.2,74.0,359.0
Fabrics,3.2,77.0,359.0
Fabrics,3.2,60.0,399.0
Fabrics,3.6,71.0,399.0
Fabrics,3.2,76.0,359.0
Fabrics,3.6,74.0,359.0
Fabrics,3.2,74.0,359.0
Fabrics,3.2,76.0,359.0
Fabrics,3.6,77.0,359.0
Fabrics,3.2,76.0,359.0
Fabrics,3.2,76.0,368.0
Fabrics,3.2,77.0,359.0
Fabrics,3.6,71.0,399.0
Fabrics,3.6,73.0,377.0
Fabrics,3.6,70.0,386.0
Fabrics,3.2,76.0,359.0
Fabrics,3.2,60.0,399.0
Fabrics,3.6,77.0,359.0
Fabrics,3.2,77.0,359.0
Fabrics,3.2,77.0,359.0
Fabrics,3.2,60.0,399.0
Fabrics,3.2,77.0,359.0
Fabrics,3.2,77.0,359.0
Fabrics,3.6,76.0,359.0
Fabrics,3.2,74.0,359.0
Fabrics,3.2,77.0,359.0
Fabrics,3.2,60.0,399.0
Fabrics,3.2,76.0,368.0
Fabrics,3.2,60.0,399.0
Fabrics,3.6,73.0,368.0
Fabrics,3.2,60.0,399.0
Fabrics,3.6,73.0,368.0
Fabrics,3.2,76.0,359.0
Fabrics,3.6,77.0,359.0
Fabrics,3.2,60.0,399.0
Fabrics,3.2,60.0,399.0
Fabrics,3.2,77.0,359.0
Fabrics,3.6,69.0,399.0
Fabrics,3.2,60.0,399.0
Fabrics,3.2,77.0,359.0
Fabrics,3.2,77.0,359.0
Fabrics,3.2,76.0,377.0
Fabrics,3.6,74.0,359.0
Fabrics,3.6,73.0,368.0
Fabrics,3.2,60.0,399.0
Fabrics,3.2,77.0,359.0
Fabrics,3.2,60.0,399.0
Fabrics,3.2,77.0,359.0
Fabrics,3.2,77.0,359.0
Fabrics,3.2,77.0,359.0
Fabrics,3.6,74.0,359.0
Fabrics,3.2,76.0,368.0
Fabrics,3.2,72.0,359.0
Fabrics,3.2,77.0,359.0
Fabrics,3.2,69.0,395.0
Fabrics,3.2,77.0,359.0
Fabrics,3.2,60.0,399.0
Fabrics,3.2,60.0,399.0
Fabrics,3.6,71.0,399.0
Fabrics,3.2,77.0,359.0
Fabrics,3.2,77.0,359.0
Fabrics,3.2,77.0,359.0
Fabrics,3.6,72.0,359.0
Fabrics,3.2,77.0,359.0
Fabrics,3.2,77.0,359.0
Fabrics,3.2,77.0,359.0
Fabrics,3.2,60.0,399.0
Fabrics,3.2,77.0,359.0
Fabrics,3.2,77.0,359.0
Fabrics,3.2,77.0,359.0
Fabrics,3.6,70.0,377.0
Fabrics,3.6,69.0,399.0
Fabrics,3.2,77.0,359.0
Fabrics,3.2,77.0,359.0
Fabrics,3.2,72.0,359.0
Fabrics,3.2,77.0,359.0
Fabrics,3.6,73.0,396.0
Fabrics,3.2,77.0,359.0
Fabrics,3.2,77.0,359.0
Fabrics,3.6,75.0,387.0
Fabrics,3.2,77.0,359.0
Fabrics,3.2,77.0,359.0
Fabrics,3.2,77.0,359.0
Fabrics,3.2,77.0,359.0
Fabrics,3.6,73.0,399.0
Fabrics,3.2,77.0,359.0
Fabrics,3.2,77.0,359.0
Fabrics,3.2,77.0,359.0
Fabrics,3.2,77.0,359.0
Fabrics,3.2,77.0,359.0
Fabrics,3.6,74.0,359.0
Fabrics,3.2,77.0,359.0
Fabrics,3.2,77.0,359.0
Fabrics,3.2,77.0,359.0
Fabrics,3.2,77.0,359.0
Fabrics,3.2,77.0,359.0
Fabrics,3.2,74.0,375.0
Fabrics,3.2,77.0,359.0
Fabrics,3.2,77.0,359.0
Fabrics,3.2,77.0,359.0
Fabrics,3.2,77.0,359.0
Fabrics,3.2,77.0,359.0
Fabrics,3.2,77.0,359.0
Fabrics,3.2,77.0,359.0
Fabrics,3.2,77.0,359.0
Fabrics,3.6,75.0,399.0
Fabrics,3.2,77.0,359.0
Fabrics,3.2,77.0,359.0
Fabrics,3.2,77.0,359.0
Fabrics,3.2,60.0,399.0
Fabrics,3.2,77.0,359.0
Fabrics,3.2,77.0,359.0
Fabrics,3.2,77.0,359.0
Fabrics,3.2,77.0,359.0
Fabrics,3.2,77.0,359.0
Fabrics,3.6,76.0,378.0
Fabrics,3.6,64.0,359.0
Fabrics,3.2,76.0,359.0
Fabrics,3.2,77.0,359.0
Fabrics,3.2,77.0,359.0
Fabrics,3.6,64.0,359.0
Fabrics,3.6,77.0,359.0
Fabrics,3.6,64.0,359.0
Fabrics,3.6,64.0,359.0
Fabrics,3.6,64.0,359.0
Fabrics,3.6,73.0,399.0
Fabrics,3.2,77.0,359.0
Fabrics,3.6,74.0,378.0
Fabrics,3.2,76.0,359.0
Fabrics,3.6,64.0,359.0
Fabrics,3.6,71.0,404.0
Fabrics,3.2,74.0,359.0
Fabrics,3.2,60.0,399.0
Fabrics,3.6,64.0,359.0
Fabrics,3.6,64.0,359.0
Fabrics,3.2,77.0,359.0
Fabrics,3.2,60.0,399.0
Fabrics,3.6,73.0,377.0
Fabrics,3.2,77.0,359.0
Fabrics,3.6,64.0,359.0
Fabrics,3.6,64.0,359.0
Fabrics,3.6,64.0,359.0
Fabrics,3.2,77.0,359.0
Fabrics,3.6,75.0,399.0
Fabrics,3.6,75.0,399.0
Fabrics,3.6,71.0,399.0
Fabrics,3.2,77.0,359.0
Fabrics,3.2,77.0,359.0
Fabrics,3.2,77.0,359.0
Fabrics,3.2,77.0,359.0
Fabrics,3.2,77.0,359.0
Fabrics,3.6,64.0,359.0
Fabrics,3.6,63.0,369.0
Fabrics,3.6,64.0,359.0
Fabrics,3.2,74.0,359.0
Fabrics,3.6,64.0,359.0
Fabrics,3.6,64.0,359.0
Fabrics,3.6,64.0,359.0
Fabrics,3.6,64.0,359.0
Fabrics,3.6,64.0,359.0
Fabrics,3.2,60.0,399.0
Fabrics,3.6,64.0,359.0
Fabrics,3.6,64.0,359.0
Fabrics,3.2,60.0,399.0
Fabrics,3.2,60.0,399.0
Fabrics,3.6,64.0,359.0
Fabrics,3.6,64.0,359.0
Fabrics,3.2,60.0,399.0
Fabrics,3.2,60.0,399.0
Fabrics,3.2,60.0,399.0
Fabrics,3.2,60.0,399.0
Fabrics,3.6,64.0,359.0
Fabrics,3.6,64.0,359.0
Fabrics,3.2,60.0,399.0
Fabrics,3.2,60.0,399.0
Fabrics,3.6,60.0,399.0
Fabrics,3.2,60.0,399.0
Fabrics,3.2,60.0,399.0
Fabrics,3.2,60.0,399.0
Fabrics,3.2,60.0,399.0
Fabrics,3.2,60.0,399.0
Fabrics,3.2,60.0,399.0
Fabrics,3.2,60.0,399.0
Fabrics,3.2,60.0,399.0
Fabrics,3.2,77.0,359.0
Fabrics,3.2,60.0,399.0
Fabrics,3.2,60.0,399.0
Fabrics,3.2,60.0,399.0
Fabrics,3.2,60.0,399.0
Fabrics,3.2,60.0,399.0
Fabrics,3.2,60.0,399.0
Fabrics,3.2,60.0,399.0
Fabrics,3.2,60.0,399.0
Fabrics,3.2,60.0,399.0
Fabrics,3.2,60.0,399.0
Fabrics,3.2,60.0,399.0
Fabrics,3.2,60.0,399.0
Fabrics,3.2,60.0,399.0
Fabrics,3.2,77.0,359.0
Fabrics,3.2,60.0,399.0
Fabrics,3.2,60.0,399.0
Fabrics,3.2,60.0,399.0
Fabrics,3.2,60.0,399.0
Fabrics,3.2,60.0,399.0
Fabrics,3.2,60.0,399.0
Fabrics,3.2,60.0,399.0
Fabrics,3.2,60.0,399.0
Fabrics,3.2,60.0,399.0
Fabrics,3.2,60.0,399.0
Fabrics,3.2,60.0,399.0
Fabrics,3.2,60.0,399.0
Fabrics,3.2,60.0,399.0
Fabrics,3.2,60.0,399.0
Fabrics,3.6,64.0,359.0
Fabrics,3.2,60.0,399.0
Fabrics,3.2,60.0,399.0
Fabrics,3.2,60.0,399.0
Fabrics,3.6,62.0,378.0
Fabrics,3.2,60.0,399.0
Fabrics,3.2,60.0,399.0
Fabrics,3.2,60.0,399.0
Fabrics,3.6,63.0,360.0
Fabrics,3.2,60.0,399.0
Fabrics,3.2,62.0,378.0
Fabrics,3.2,60.0,399.0
Fabrics,3.2,63.0,360.0
Fabrics,3.2,64.0,359.0
Fabrics,3.2,60.0,399.0
Fabrics,3.2,60.0,399.0
Fabrics,3.2,60.0,399.0
Fabrics,3.2,60.0,399.0
Fabrics,3.6,62.0,378.0
Fabrics,3.6,59.0,404.0
Fabrics,3.2,60.0,399.0
Fabrics,3.2,60.0,399.0
Fabrics,3.2,60.0,399.0
Fabrics,3.2,60.0,399.0
Fabrics,3.2,60.0,399.0
Fabrics,3.2,61.0,387.0
Fabrics,3.2,60.0,399.0
Fabrics,3.2,60.0,399.0
Fabrics,3.6,64.0,359.0
Fabrics,3.6,64.0,359.0
Fabrics,3.2,60.0,399.0
Fabrics,3.2,60.0,399.0
Fabrics,3.6,64.0,359.0
Fabrics,3.6,64.0,359.0
Fabrics,3.2,60.0,399.0
Fabrics,3.6,64.0,359.0
Fabrics,3.2,60.0,399.0
Fabrics,3.6,64.0,359.0
Fabrics,3.6,64.0,359.0
Fabrics,3.6,60.0,399.0
Fabrics,3.6,64.0,359.0
Fabrics,3.2,62.0,378.0
Fabrics,3.2,60.0,399.0
Fabrics,3.6,64.0,359.0
Fabrics,3.2,60.0,399.0
Fabrics,3.2,60.0,399.0
Fabrics,3.6,64.0,359.0
Fabrics,3.6,74.0,359.0
Fabrics,3.6,64.0,359.0
Fabrics,3.2,60.0,399.0
Fabrics,3.6,64.0,359.0
Fabrics,3.2,60.0,399.0
Fabrics,3.6,64.0,359.0
Fabrics,3.6,64.0,359.0
Fabrics,3.6,77.0,359.0
Fabrics,3.2,61.0,387.0
Fabrics,3.6,64.0,359.0
Fabrics,3.6,64.0,359.0
Fabrics,3.6,64.0,359.0
Fabrics,3.6,64.0,359.0
Fabrics,3.2,60.0,399.0
Fabrics,3.2,60.0,399.0
Fabrics,3.2,64.0,359.0
Fabrics,3.6,64.0,359.0
Fabrics,3.2,63.0,360.0
Fabrics,3.2,60.0,399.0
Fabrics,3.6,64.0,359.0
Fabrics,3.6,64.0,359.0
Fabrics,3.2,61.0,387.0
Fabrics,3.2,77.0,359.0
Fabrics,3.6,64.0,359.0
Fabrics,3.2,60.0,399.0
Fabrics,3.6,64.0,359.0
Fabrics,3.6,62.0,378.0
Fabrics,3.2,77.0,359.0
Fabrics,3.2,77.0,359.0
Fabrics,3.6,64.0,359.0
Fabrics,3.2,77.0,359.0
Fabrics,3.2,60.0,399.0
Fabrics,3.6,63.0,368.0
Fabrics,3.2,60.0,399.0
Fabrics,3.6,64.0,359.0
Fabrics,3.2,60.0,399.0
Fabrics,3.6,64.0,359.0
Fabrics,3.2,60.0,399.0
Fabrics,3.2,76.0,359.0
Fabrics,3.6,64.0,359.0
Fabrics,3.6,64.0,359.0
Fabrics,3.6,60.0,399.0
Fabrics,3.6,64.0,359.0
Fabrics,3.6,63.0,368.0
Fabrics,3.6,62.0,378.0
Fabrics,3.2,60.0,399.0
Fabrics,3.2,77.0,359.0
Fabrics,3.2,77.0,359.0
Fabrics,3.6,64.0,359.0
Fabrics,3.6,64.0,359.0
Fabrics,3.6,64.0,359.0
Fabrics,3.6,64.0,359.0
Fabrics,3.6,64.0,359.0
Fabrics,3.2,77.0,359.0
Fabrics,3.2,72.0,359.0
Fabrics,3.6,64.0,359.0
Fabrics,3.6,64.0,359.0
Fabrics,3.6,64.0,359.0
Fabrics,3.2,74.0,359.0
Fabrics,3.2,60.0,399.0
Fabrics,3.6,64.0,359.0
Fabrics,3.6,64.0,359.0
Fabrics,3.6,64.0,359.0
Fabrics,3.6,64.0,359.0
Fabrics,3.6,62.0,378.0
Fabrics,3.6,64.0,359.0
Fabrics,3.6,72.0,359.0
Fabrics,3.2,60.0,399.0
Fabrics,3.2,60.0,399.0
Fabrics,3.2,60.0,399.0
Fabrics,3.2,60.0,399.0
Fabrics,3.2,77.0,359.0
Fabrics,3.2,60.0,399.0
Fabrics,3.2,60.0,399.0
Fabrics,3.2,60.0,399.0
Fabrics,3.2,60.0,399.0
Fabrics,3.2,60.0,399.0
Fabrics,3.2,60.0,399.0
Fabrics,3.2,60.0,399.0
Fabrics,3.2,60.0,399.0
Fabrics,3.2,60.0,399.0
Fabrics,3.2,60.0,399.0
Fabrics,3.2,60.0,399.0
Fabrics,3.2,60.0,399.0
Fabrics,3.2,60.0,399.0
Fabrics,3.2,60.0,399.0
Fabrics,3.2,60.0,399.0
Fabrics,3.2,60.0,399.0
Fabrics,3.2,60.0,399.0
Fabrics,3.2,60.0,399.0
Fabrics,3.2,60.0,399.0
Fabrics,3.2,60.0,399.0
Fabrics,3.2,60.0,399.0
Fabrics,3.2,60.0,399.0
Fabrics,3.2,60.0,399.0
Fabrics,3.2,60.0,399.0
Fabrics,3.2,60.0,399.0
Fabrics,3.2,60.0,399.0
Fabrics,3.2,60.0,399.0
Fabrics,3.2,60.0,399.0
Fabrics,3.2,60.0,399.0
Fabrics,3.2,60.0,399.0
Fabrics,3.2,60.0,399.0
Fabrics,3.2,60.0,399.0
Fabrics,3.2,60.0,399.0
Fabrics,3.2,60.0,399.0
Fabrics,3.2,60.0,399.0
Fabrics,3.2,60.0,399.0
Fabrics,3.2,60.0,399.0
Fabrics,3.2,60.0,399.0
Fabrics,3.2,60.0,399.0
Fabrics,3.2,60.0,399.0
Fabrics,3.2,60.0,399.0
Fabrics,3.2,60.0,399.0
Fabrics,3.2,60.0,399.0
Fabrics,3.2,60.0,399.0
Fabrics,3.2,60.0,399.0
Fabrics,3.2,60.0,399.0
Fabrics,3.2,60.0,399.0
Fabrics,3.2,60.0,399.0
Fabrics,3.2,60.0,399.0
Fabrics,3.2,60.0,399.0
Fabrics,3.2,60.0,399.0
Fabrics,3.2,60.0,399.0
Fabrics,3.2,60.0,399.0
Fabrics,3.2,60.0,399.0
Fabrics,3.2,60.0,399.0
Fabrics,3.2,60.0,399.0
Fabrics,3.2,60.0,399.0
Fabrics,3.2,60.0,399.0
Fabrics,3.2,60.0,399.0
Fabrics,3.2,60.0,399.0
Fabrics,3.2,60.0,399.0
Fabrics,3.2,60.0,399.0
Fabrics,3.2,60.0,399.0
Fabrics,3.2,60.0,399.0
Fabrics,3.2,60.0,399.0
Fabrics,3.2,60.0,399.0
Fabrics,3.2,60.0,399.0
Fabrics,3.2,60.0,399.0
Fabrics,3.2,60.0,399.0
Fabrics,3.2,60.0,399.0
Fabrics,3.2,60.0,399.0
Fabrics,3.2,60.0,399.0
Fabrics,3.2,60.0,399.0
Fabrics,3.2,60.0,399.0
Fabrics,3.2,60.0,399.0
Fabrics,3.2,60.0,399.0
Fabrics,3.2,60.0,399.0
Fabrics,3.2,60.0,399.0
Fabrics,3.2,60.0,399.0
Fabrics,3.2,60.0,399.0
Fabrics,3.2,60.0,399.0
Fabrics,3.2,60.0,399.0
Fabrics,3.2,60.0,399.0
Fabrics,3.2,60.0,399.0
Fabrics,3.2,60.0,399.0
Fabrics,3.2,60.0,399.0
Fabrics,3.2,60.0,399.0
Fabrics,3.2,60.0,399.0
Fabrics,3.2,60.0,399.0
Fabrics,3.2,60.0,399.0
Fabrics,3.2,60.0,399.0
Fabrics,3.2,60.0,399.0
Fabrics,3.2,60.0,399.0
Fabrics,3.2,60.0,399.0
Fabrics,3.2,60.0,399.0
Fabrics,3.2,60.0,399.0
Fabrics,3.2,60.0,399.0
Fabrics,3.2,60.0,399.0
Fabrics,3.2,60.0,399.0
Fabrics,3.2,60.0,399.0
Fabrics,3.2,60.0,399.0
Fabrics,3.2,60.0,399.0
Fabrics,3.2,60.0,399.0
Fabrics,3.2,60.0,399.0
Fabrics,3.2,60.0,399.0
Fabrics,3.2,60.0,399.0
Fabrics,3.2,60.0,399.0
Fabrics,3.2,60.0,399.0
Fabrics,3.2,60.0,399.0
Fabrics,3.2,60.0,399.0
Fabrics,3.2,60.0,399.0
Fabrics,3.2,60.0,399.0
Fabrics,3.2,60.0,399.0
Fabrics,3.2,60.0,399.0
Fabrics,3.2,60.0,399.0
Fabrics,3.2,60.0,399.0
Fabrics,3.2,60.0,399.0
Fabrics,3.2,60.0,399.0
Fabrics,3.2,60.0,399.0
